Model 1,Model 2,Shots,Metric,Model 1 Mean,Model 2 Mean,Difference,t-statistic,p-value,Significant (p<0.05)
TIMO_Custom_FSL1_RN50,TIMO_Custom_FSL4_RN50,1,ACC,6.972477064220183,7.370030581039755,-0.3975535168195714,-0.4364426125378025,0.6679351203292281,False
TIMO_Custom_FSL1_RN50,TIMO_RN50,1,ACC,6.972477064220183,43.883792048929664,-36.91131498470948,-32.4900398429187,7.452138993729861e-17,True
TIMO_Custom_FSL1_RN50,TIMO_S_Custom_FSL1_RN50,1,ACC,6.972477064220183,7.278287461773699,-0.3058103975535156,-0.2874533924124061,0.7770892032865199,False
TIMO_Custom_FSL1_RN50,TIMO_S_Custom_FSL4_RN50,1,ACC,6.972477064220183,7.308868501529052,-0.336391437308869,-0.3829708431025358,0.7066332699863509,False
TIMO_Custom_FSL1_RN50,TIMO_S_RN50,1,ACC,6.972477064220183,45.963302752293586,-38.9908256880734,-36.05123164593864,5.5740323475173225e-18,True
TIMO_Custom_FSL1_RN50,Tip_Adapter_Custom_FSL1_RN50,1,ACC,6.972477064220183,1.3149847094801221,5.657492354740061,7.669228829685887,1.2935098221649929e-05,True
TIMO_Custom_FSL1_RN50,Tip_Adapter_Custom_FSL4_RN50,1,ACC,6.972477064220183,1.1314984709480123,5.840978593272171,8.18822126784209,1.579170512055274e-05,True
TIMO_Custom_FSL1_RN50,Tip_Adapter_RN50,1,ACC,6.972477064220183,38.654434250764524,-31.68195718654434,-43.0175585642373,4.478364966340394e-13,True
TIMO_Custom_FSL1_RN50,APE_Custom_FSL1_RN50,1,ACC,6.972477064220183,2.0489296636085625,4.923547400611621,6.343741542141609,3.1348801163607175e-05,True
TIMO_Custom_FSL1_RN50,APE_Custom_FSL4_RN50,1,ACC,6.972477064220183,2.4770642201834865,4.4954128440366965,5.748643222143554,7.300233228033128e-05,True
TIMO_Custom_FSL1_RN50,APE_RN50,1,ACC,6.972477064220183,44.31192660550458,-37.339449541284395,-35.30448670120393,6.083376875244408e-18,True
TIMO_Custom_FSL1_RN50,GDA_CLIP_Custom_FSL1_RN50,1,ACC,6.972477064220183,13.48623853211009,-6.513761467889906,-6.091241729438391,9.963845990018965e-06,True
TIMO_Custom_FSL1_RN50,GDA_CLIP_Custom_FSL4_RN50,1,ACC,6.972477064220183,16.330275229357795,-9.357798165137613,-10.759125950038468,8.403107474803194e-09,True
TIMO_Custom_FSL1_RN50,GDA_CLIP_RN50,1,ACC,6.972477064220183,41.40672782874618,-34.43425076452599,-34.26308887504539,7.632337034941527e-18,True
TIMO_Custom_FSL4_RN50,TIMO_RN50,1,ACC,7.370030581039755,43.883792048929664,-36.51376146788991,-34.57361456261089,5.336579157199538e-16,True
TIMO_Custom_FSL4_RN50,TIMO_S_Custom_FSL1_RN50,1,ACC,7.370030581039755,7.278287461773699,0.09174311926605583,0.09380599902755687,0.9264019995629746,False
TIMO_Custom_FSL4_RN50,TIMO_S_Custom_FSL4_RN50,1,ACC,7.370030581039755,7.308868501529052,0.061162079510702405,0.07920835216900103,0.9377491094715327,False
TIMO_Custom_FSL4_RN50,TIMO_S_RN50,1,ACC,7.370030581039755,45.963302752293586,-38.59327217125383,-38.70121866322571,2.4913597735018483e-17,True
TIMO_Custom_FSL4_RN50,Tip_Adapter_Custom_FSL1_RN50,1,ACC,7.370030581039755,1.3149847094801221,6.055045871559633,9.969474536564666,6.314067280881975e-07,True
TIMO_Custom_FSL4_RN50,Tip_Adapter_Custom_FSL4_RN50,1,ACC,7.370030581039755,1.1314984709480123,6.238532110091743,10.801868997158582,1.3741649026941722e-06,True
TIMO_Custom_FSL4_RN50,Tip_Adapter_RN50,1,ACC,7.370030581039755,38.654434250764524,-31.284403669724767,-51.63272779072625,1.2188804725036666e-14,True
TIMO_Custom_FSL4_RN50,APE_Custom_FSL1_RN50,1,ACC,7.370030581039755,2.0489296636085625,5.321100917431192,8.142346726772208,1.100994391367078e-06,True
TIMO_Custom_FSL4_RN50,APE_Custom_FSL4_RN50,1,ACC,7.370030581039755,2.4770642201834865,4.892966360856269,7.408324895096742,2.80078574905868e-06,True
TIMO_Custom_FSL4_RN50,APE_RN50,1,ACC,7.370030581039755,44.31192660550458,-36.941896024464825,-38.035847703303816,1.7892800942415017e-17,True
TIMO_Custom_FSL4_RN50,GDA_CLIP_Custom_FSL1_RN50,1,ACC,7.370030581039755,13.48623853211009,-6.116207951070335,-6.2156978846445305,1.140173868981041e-05,True
TIMO_Custom_FSL4_RN50,GDA_CLIP_Custom_FSL4_RN50,1,ACC,7.370030581039755,16.330275229357795,-8.96024464831804,-11.753479803965924,8.493793751178e-10,True
TIMO_Custom_FSL4_RN50,GDA_CLIP_RN50,1,ACC,7.370030581039755,41.40672782874618,-34.03669724770642,-37.25439676637498,6.8746936620059785e-18,True
TIMO_RN50,TIMO_S_Custom_FSL1_RN50,1,ACC,43.883792048929664,7.278287461773699,36.60550458715596,30.746260373268814,7.306915091595278e-17,True
TIMO_RN50,TIMO_S_Custom_FSL4_RN50,1,ACC,43.883792048929664,7.308868501529052,36.57492354740061,35.57185945352484,1.6097005326530487e-15,True
TIMO_RN50,TIMO_S_RN50,1,ACC,43.883792048929664,45.963302752293586,-2.0795107033639226,-1.7237453452109435,0.10200442250728117,False
TIMO_RN50,Tip_Adapter_Custom_FSL1_RN50,1,ACC,43.883792048929664,1.3149847094801221,42.56880733944954,46.73000602997213,5.442993330137251e-13,True
TIMO_RN50,Tip_Adapter_Custom_FSL4_RN50,1,ACC,43.883792048929664,1.1314984709480123,42.75229357798165,47.96354553445165,2.6647596598225875e-12,True
TIMO_RN50,Tip_Adapter_RN50,1,ACC,43.883792048929664,38.654434250764524,5.22935779816514,5.746659321882314,0.00019262810831191843,True
TIMO_RN50,APE_Custom_FSL1_RN50,1,ACC,43.883792048929664,2.0489296636085625,41.8348623853211,44.394166636616795,5.485973824519027e-14,True
TIMO_RN50,APE_Custom_FSL4_RN50,1,ACC,43.883792048929664,2.4770642201834865,41.40672782874618,43.71534366462729,4.289727973525895e-14,True
TIMO_RN50,APE_RN50,1,ACC,43.883792048929664,44.31192660550458,-0.4281345565749177,-0.36129115803346884,0.72215027243595,False
TIMO_RN50,GDA_CLIP_Custom_FSL1_RN50,1,ACC,43.883792048929664,13.48623853211009,30.397553516819574,25.426883260089774,1.9006280995025177e-15,True
TIMO_RN50,GDA_CLIP_Custom_FSL4_RN50,1,ACC,43.883792048929664,16.330275229357795,27.55351681957187,26.990891540373056,1.2144441346210297e-13,True
TIMO_RN50,GDA_CLIP_RN50,1,ACC,43.883792048929664,41.40672782874618,2.477064220183486,2.1761581853878678,0.04376605942357191,True
TIMO_S_Custom_FSL1_RN50,TIMO_S_Custom_FSL4_RN50,1,ACC,7.278287461773699,7.308868501529052,-0.030581039755353423,-0.0322655264788761,0.9746719681658458,False
TIMO_S_Custom_FSL1_RN50,TIMO_S_RN50,1,ACC,7.278287461773699,45.963302752293586,-38.685015290519885,-33.97478309026118,9.084351822956284e-18,True
TIMO_S_Custom_FSL1_RN50,Tip_Adapter_Custom_FSL1_RN50,1,ACC,7.278287461773699,1.3149847094801221,5.963302752293577,7.280152435404902,2.409099944850758e-05,True
TIMO_S_Custom_FSL1_RN50,Tip_Adapter_Custom_FSL4_RN50,1,ACC,7.278287461773699,1.1314984709480123,6.146788990825687,7.709888047994226,2.653301344808006e-05,True
TIMO_S_Custom_FSL1_RN50,Tip_Adapter_RN50,1,ACC,7.278287461773699,38.654434250764524,-31.376146788990823,-38.3553263041865,2.6171581687317573e-12,True
TIMO_S_Custom_FSL1_RN50,APE_Custom_FSL1_RN50,1,ACC,7.278287461773699,2.0489296636085625,5.229357798165136,6.124090879298336,5.5592749515573256e-05,True
TIMO_S_Custom_FSL1_RN50,APE_Custom_FSL4_RN50,1,ACC,7.278287461773699,2.4770642201834865,4.801223241590213,5.587774430158789,0.00011743744505991592,True
TIMO_S_Custom_FSL1_RN50,APE_RN50,1,ACC,7.278287461773699,44.31192660550458,-37.03363914373088,-33.18534818512094,1.3486317414927311e-17,True
TIMO_S_Custom_FSL1_RN50,GDA_CLIP_Custom_FSL1_RN50,1,ACC,7.278287461773699,13.48623853211009,-6.2079510703363905,-5.507986393449919,3.135441018674585e-05,True
TIMO_S_Custom_FSL1_RN50,GDA_CLIP_Custom_FSL4_RN50,1,ACC,7.278287461773699,16.330275229357795,-9.051987767584096,-9.631712327148332,7.078641294532049e-08,True
TIMO_S_Custom_FSL1_RN50,GDA_CLIP_RN50,1,ACC,7.278287461773699,41.40672782874618,-34.12844036697248,-32.009345070563924,3.5085094736949687e-17,True
TIMO_S_Custom_FSL4_RN50,TIMO_S_RN50,1,ACC,7.308868501529052,45.963302752293586,-38.65443425076453,-39.949001896132856,7.565126128005942e-17,True
TIMO_S_Custom_FSL4_RN50,Tip_Adapter_Custom_FSL1_RN50,1,ACC,7.308868501529052,1.3149847094801221,5.99388379204893,10.753299252603991,2.0123028037158122e-07,True
TIMO_S_Custom_FSL4_RN50,Tip_Adapter_Custom_FSL4_RN50,1,ACC,7.308868501529052,1.1314984709480123,6.17737003058104,11.771984651770046,6.017050553964314e-07,True
TIMO_S_Custom_FSL4_RN50,Tip_Adapter_RN50,1,ACC,7.308868501529052,38.654434250764524,-31.345565749235472,-56.39591736517041,1.5801570088892907e-15,True
TIMO_S_Custom_FSL4_RN50,APE_Custom_FSL1_RN50,1,ACC,7.308868501529052,2.0489296636085625,5.25993883792049,8.660351617621833,3.413732910434902e-07,True
TIMO_S_Custom_FSL4_RN50,APE_Custom_FSL4_RN50,1,ACC,7.308868501529052,2.4770642201834865,4.8318042813455655,7.858632759648274,9.547757413293132e-07,True
TIMO_S_Custom_FSL4_RN50,APE_RN50,1,ACC,7.308868501529052,44.31192660550458,-37.003058103975526,-39.33125525954069,4.94079279291193e-17,True
TIMO_S_Custom_FSL4_RN50,GDA_CLIP_Custom_FSL1_RN50,1,ACC,7.308868501529052,13.48623853211009,-6.177370030581037,-6.47545297319333,9.150340390117186e-06,True
TIMO_S_Custom_FSL4_RN50,GDA_CLIP_Custom_FSL4_RN50,1,ACC,7.308868501529052,16.330275229357795,-9.021406727828744,-12.474691247348364,2.7243516940059756e-10,True
TIMO_S_Custom_FSL4_RN50,GDA_CLIP_RN50,1,ACC,7.308868501529052,41.40672782874618,-34.09785932721712,-38.694445809332485,1.3725584542059379e-17,True
TIMO_S_RN50,Tip_Adapter_Custom_FSL1_RN50,1,ACC,45.963302752293586,1.3149847094801221,44.648318042813465,53.029587997326836,1.036893195739915e-13,True
TIMO_S_RN50,Tip_Adapter_Custom_FSL4_RN50,1,ACC,45.963302752293586,1.1314984709480123,44.831804281345576,54.62616493687987,7.63530892066557e-13,True
TIMO_S_RN50,Tip_Adapter_RN50,1,ACC,45.963302752293586,38.654434250764524,7.308868501529062,8.691707264129404,5.385438555693244e-06,True
TIMO_S_RN50,APE_Custom_FSL1_RN50,1,ACC,45.963302752293586,2.0489296636085625,43.914373088685025,50.140501590592066,5.852948717111114e-15,True
TIMO_S_RN50,APE_Custom_FSL4_RN50,1,ACC,45.963302752293586,2.4770642201834865,43.4862385321101,49.358340562994336,4.228355377252915e-15,True
TIMO_S_RN50,APE_RN50,1,ACC,45.963302752293586,44.31192660550458,1.651376146789005,1.4577449169573586,0.16216467099737056,False
TIMO_S_RN50,GDA_CLIP_Custom_FSL1_RN50,1,ACC,45.963302752293586,13.48623853211009,32.47706422018349,28.39441375213168,2.1383572936862935e-16,True
TIMO_S_RN50,GDA_CLIP_Custom_FSL4_RN50,1,ACC,45.963302752293586,16.330275229357795,29.63302752293579,30.874907262648712,5.577931510327635e-15,True
TIMO_S_RN50,GDA_CLIP_RN50,1,ACC,45.963302752293586,41.40672782874618,4.556574923547409,4.204092275629547,0.0005526503359375949,True
Tip_Adapter_Custom_FSL1_RN50,Tip_Adapter_Custom_FSL4_RN50,1,ACC,1.3149847094801221,1.1314984709480123,0.18348623853210988,0.8374357893586227,0.4191590012781813,False
Tip_Adapter_Custom_FSL1_RN50,Tip_Adapter_RN50,1,ACC,1.3149847094801221,38.654434250764524,-37.3394495412844,-130.73807626696671,3.0020257329557654e-28,True
Tip_Adapter_Custom_FSL1_RN50,APE_Custom_FSL1_RN50,1,ACC,1.3149847094801221,2.0489296636085625,-0.7339449541284404,-1.9509401325722573,0.06950535604234313,False
Tip_Adapter_Custom_FSL1_RN50,APE_Custom_FSL4_RN50,1,ACC,1.3149847094801221,2.4770642201834865,-1.1620795107033643,-2.993786669201675,0.009085064202533258,True
Tip_Adapter_Custom_FSL1_RN50,APE_RN50,1,ACC,1.3149847094801221,44.31192660550458,-42.99694189602446,-53.01572689851755,8.36421566320763e-14,True
Tip_Adapter_Custom_FSL1_RN50,GDA_CLIP_Custom_FSL1_RN50,1,ACC,1.3149847094801221,13.48623853211009,-12.171253822629968,-14.730640882932345,3.455758729685427e-08,True
Tip_Adapter_Custom_FSL1_RN50,GDA_CLIP_Custom_FSL4_RN50,1,ACC,1.3149847094801221,16.330275229357795,-15.015290519877674,-27.61605325147039,3.843244011940345e-12,True
Tip_Adapter_Custom_FSL1_RN50,GDA_CLIP_RN50,1,ACC,1.3149847094801221,41.40672782874618,-40.091743119266056,-54.10052138732418,3.70689692408575e-14,True
Tip_Adapter_Custom_FSL4_RN50,Tip_Adapter_RN50,1,ACC,1.1314984709480123,38.654434250764524,-37.522935779816514,-174.49613498182512,1.751855407261927e-21,True
Tip_Adapter_Custom_FSL4_RN50,APE_Custom_FSL1_RN50,1,ACC,1.1314984709480123,2.0489296636085625,-0.9174311926605503,-2.815250611904344,0.01808184255479175,True
Tip_Adapter_Custom_FSL4_RN50,APE_Custom_FSL4_RN50,1,ACC,1.1314984709480123,2.4770642201834865,-1.3455657492354742,-3.9619814862385843,0.0026554238289427006,True
Tip_Adapter_Custom_FSL4_RN50,APE_RN50,1,ACC,1.1314984709480123,44.31192660550458,-43.18042813455657,-54.73215399685293,7.245078676846567e-13,True
Tip_Adapter_Custom_FSL4_RN50,GDA_CLIP_Custom_FSL1_RN50,1,ACC,1.1314984709480123,13.48623853211009,-12.354740061162078,-15.355310279250972,7.41361573573682e-08,True
Tip_Adapter_Custom_FSL4_RN50,GDA_CLIP_Custom_FSL4_RN50,1,ACC,1.1314984709480123,16.330275229357795,-15.198776758409783,-29.790224655580214,1.155164560244167e-10,True
Tip_Adapter_Custom_FSL4_RN50,GDA_CLIP_RN50,1,ACC,1.1314984709480123,41.40672782874618,-40.27522935779817,-56.185452348554854,5.16711362041416e-13,True
Tip_Adapter_RN50,APE_Custom_FSL1_RN50,1,ACC,38.654434250764524,2.0489296636085625,36.60550458715596,97.91613511944088,1.0407049273417374e-22,True
Tip_Adapter_RN50,APE_Custom_FSL4_RN50,1,ACC,38.654434250764524,2.4770642201834865,36.17737003058104,93.75251008502934,5.841600871170163e-22,True
Tip_Adapter_RN50,APE_RN50,1,ACC,38.654434250764524,44.31192660550458,-5.657492354740057,-6.985139574642539,3.486498600155216e-05,True
Tip_Adapter_RN50,GDA_CLIP_Custom_FSL1_RN50,1,ACC,38.654434250764524,13.48623853211009,25.168195718654435,30.500081929578023,2.722543819739114e-11,True
Tip_Adapter_RN50,GDA_CLIP_Custom_FSL4_RN50,1,ACC,38.654434250764524,16.330275229357795,22.32415902140673,41.1817134408419,4.4280039118488714e-14,True
Tip_Adapter_RN50,GDA_CLIP_RN50,1,ACC,38.654434250764524,41.40672782874618,-2.7522935779816535,-3.7199823645698533,0.0037139996213601265,True
APE_Custom_FSL1_RN50,APE_Custom_FSL4_RN50,1,ACC,2.0489296636085625,2.4770642201834865,-0.42813455657492394,-0.9368094471654889,0.3612802139396477,False
APE_Custom_FSL1_RN50,APE_RN50,1,ACC,2.0489296636085625,44.31192660550458,-42.26299694189602,-49.948182147650385,3.853394562077787e-15,True
APE_Custom_FSL1_RN50,GDA_CLIP_Custom_FSL1_RN50,1,ACC,2.0489296636085625,13.48623853211009,-11.437308868501527,-13.287647302193472,1.9784688620944453e-08,True
APE_Custom_FSL1_RN50,GDA_CLIP_Custom_FSL4_RN50,1,ACC,2.0489296636085625,16.330275229357795,-14.281345565749232,-24.009304363834485,1.8409723317978537e-13,True
APE_Custom_FSL1_RN50,GDA_CLIP_RN50,1,ACC,2.0489296636085625,41.40672782874618,-39.357798165137616,-50.50187979799247,9.620179187439463e-16,True
APE_Custom_FSL4_RN50,APE_RN50,1,ACC,2.4770642201834865,44.31192660550458,-41.834862385321095,-49.12944629803148,2.731485589230096e-15,True
APE_Custom_FSL4_RN50,GDA_CLIP_Custom_FSL1_RN50,1,ACC,2.4770642201834865,13.48623853211009,-11.009174311926603,-12.712041927836074,2.5964897187754092e-08,True
APE_Custom_FSL4_RN50,GDA_CLIP_Custom_FSL4_RN50,1,ACC,2.4770642201834865,16.330275229357795,-13.85321100917431,-22.99429845063247,2.061815329283165e-13,True
APE_Custom_FSL4_RN50,GDA_CLIP_RN50,1,ACC,2.4770642201834865,41.40672782874618,-38.92966360856269,-49.5806806135836,6.472737378534557e-16,True
APE_RN50,GDA_CLIP_Custom_FSL1_RN50,1,ACC,44.31192660550458,13.48623853211009,30.825688073394492,27.493181348555726,3.772657742142325e-16,True
APE_RN50,GDA_CLIP_Custom_FSL4_RN50,1,ACC,44.31192660550458,16.330275229357795,27.981651376146786,29.998656365467912,4.830071447721118e-15,True
APE_RN50,GDA_CLIP_RN50,1,ACC,44.31192660550458,41.40672782874618,2.9051987767584038,2.740764740405333,0.013513381634185065,True
GDA_CLIP_Custom_FSL1_RN50,GDA_CLIP_Custom_FSL4_RN50,1,ACC,13.48623853211009,16.330275229357795,-2.844036697247706,-3.006263054833846,0.008773557700446827,True
GDA_CLIP_Custom_FSL1_RN50,GDA_CLIP_RN50,1,ACC,13.48623853211009,41.40672782874618,-27.920489296636088,-26.05265253062151,1.3368391480209602e-15,True
GDA_CLIP_Custom_FSL4_RN50,GDA_CLIP_RN50,1,ACC,16.330275229357795,41.40672782874618,-25.076452599388382,-28.737062781233856,2.4767150729516878e-15,True
TIMO_Custom_FSL1_RN50,TIMO_Custom_FSL4_RN50,1,F1_MACRO,6.127444667547222,6.685804935804936,-0.5583602682577142,-0.6707709766842798,0.5108830196644214,False
TIMO_Custom_FSL1_RN50,TIMO_RN50,1,F1_MACRO,6.127444667547222,40.291962922018065,-34.16451825447084,-29.952239724250646,1.3250955937653674e-14,True
TIMO_Custom_FSL1_RN50,TIMO_S_Custom_FSL1_RN50,1,F1_MACRO,6.127444667547222,6.381398370828518,-0.2539537032812964,-0.28769429070120794,0.7769122403358724,False
TIMO_Custom_FSL1_RN50,TIMO_S_Custom_FSL4_RN50,1,F1_MACRO,6.127444667547222,6.6293324730824725,-0.5018878055352509,-0.6276363429533007,0.5381674177743365,False
TIMO_Custom_FSL1_RN50,TIMO_S_RN50,1,F1_MACRO,6.127444667547222,41.06885385959475,-34.94140919204753,-35.02550536286719,7.193721529303085e-17,True
TIMO_Custom_FSL1_RN50,Tip_Adapter_Custom_FSL1_RN50,1,F1_MACRO,6.127444667547222,0.06298880539025753,6.064455862156964,10.332760006464936,2.6214813028089863e-06,True
TIMO_Custom_FSL1_RN50,Tip_Adapter_Custom_FSL4_RN50,1,F1_MACRO,6.127444667547222,0.028018629585882648,6.099426037961339,10.404816858850195,2.5674405188761463e-06,True
TIMO_Custom_FSL1_RN50,Tip_Adapter_RN50,1,F1_MACRO,6.127444667547222,30.917586834729537,-24.790142167182317,-39.444595144294816,9.465412624229174e-14,True
TIMO_Custom_FSL1_RN50,APE_Custom_FSL1_RN50,1,F1_MACRO,6.127444667547222,0.870544808204982,5.25689985934224,8.470686067193054,3.4613026179022043e-06,True
TIMO_Custom_FSL1_RN50,APE_Custom_FSL4_RN50,1,F1_MACRO,6.127444667547222,0.8363527339229246,5.291091933624297,8.329788039277023,2.421227961379073e-06,True
TIMO_Custom_FSL1_RN50,APE_RN50,1,F1_MACRO,6.127444667547222,39.75858247986247,-33.631137812315245,-28.55984649731074,4.737954409452556e-14,True
TIMO_Custom_FSL1_RN50,GDA_CLIP_Custom_FSL1_RN50,1,F1_MACRO,6.127444667547222,11.979953726828727,-5.852509059281505,-6.571346635540779,3.90350215163835e-06,True
TIMO_Custom_FSL1_RN50,GDA_CLIP_Custom_FSL4_RN50,1,F1_MACRO,6.127444667547222,14.61527490751541,-8.487830239968188,-10.512777845206019,4.242052234885314e-09,True
TIMO_Custom_FSL1_RN50,GDA_CLIP_RN50,1,F1_MACRO,6.127444667547222,35.325927236522894,-29.19848256897567,-31.738010339178174,7.748477917501497e-17,True
TIMO_Custom_FSL4_RN50,TIMO_RN50,1,F1_MACRO,6.685804935804936,40.291962922018065,-33.60615798621313,-29.398869335428785,1.5485389748192042e-14,True
TIMO_Custom_FSL4_RN50,TIMO_S_Custom_FSL1_RN50,1,F1_MACRO,6.685804935804936,6.381398370828518,0.3044065649764178,0.34360518214479074,0.7351718481635566,False
TIMO_Custom_FSL4_RN50,TIMO_S_Custom_FSL4_RN50,1,F1_MACRO,6.685804935804936,6.6293324730824725,0.05647246272246331,0.07031132841983202,0.944726431056359,False
TIMO_Custom_FSL4_RN50,TIMO_S_RN50,1,F1_MACRO,6.685804935804936,41.06885385959475,-34.383048923789815,-34.36824826335066,8.723349170625363e-17,True
TIMO_Custom_FSL4_RN50,Tip_Adapter_Custom_FSL1_RN50,1,F1_MACRO,6.685804935804936,0.06298880539025753,6.622816130414678,11.192565767073965,1.335473408495963e-06,True
TIMO_Custom_FSL4_RN50,Tip_Adapter_Custom_FSL4_RN50,1,F1_MACRO,6.685804935804936,0.028018629585882648,6.657786306219053,11.264952077244216,1.3158050174607735e-06,True
TIMO_Custom_FSL4_RN50,Tip_Adapter_RN50,1,F1_MACRO,6.685804935804936,30.917586834729537,-24.231781898924602,-38.28296182298587,1.4485760232534662e-13,True
TIMO_Custom_FSL4_RN50,APE_Custom_FSL1_RN50,1,F1_MACRO,6.685804935804936,0.870544808204982,5.815260127599954,9.30232181671469,1.4060207058737414e-06,True
TIMO_Custom_FSL4_RN50,APE_Custom_FSL4_RN50,1,F1_MACRO,6.685804935804936,0.8363527339229246,5.849452201882011,9.144923830825945,9.345446086414942e-07,True
TIMO_Custom_FSL4_RN50,APE_RN50,1,F1_MACRO,6.685804935804936,39.75858247986247,-33.07277754405753,-28.02856092281401,5.53620511983381e-14,True
TIMO_Custom_FSL4_RN50,GDA_CLIP_Custom_FSL1_RN50,1,F1_MACRO,6.685804935804936,11.979953726828727,-5.294148791023791,-5.923317810455011,1.4065948205242244e-05,True
TIMO_Custom_FSL4_RN50,GDA_CLIP_Custom_FSL4_RN50,1,F1_MACRO,6.685804935804936,14.61527490751541,-7.929469971710474,-9.77886420677096,1.3054717739567241e-08,True
TIMO_Custom_FSL4_RN50,GDA_CLIP_RN50,1,F1_MACRO,6.685804935804936,35.325927236522894,-28.64012230071796,-31.027555141950135,1.0577689403508408e-16,True
TIMO_RN50,TIMO_S_Custom_FSL1_RN50,1,F1_MACRO,40.291962922018065,6.381398370828518,33.910564551189545,28.731765248415524,4.69642544071059e-15,True
TIMO_RN50,TIMO_S_Custom_FSL4_RN50,1,F1_MACRO,40.291962922018065,6.6293324730824725,33.662630448935595,30.070043034813647,3.56428992774889e-14,True
TIMO_RN50,TIMO_S_RN50,1,F1_MACRO,40.291962922018065,41.06885385959475,-0.7768909375766881,-0.6124680325327504,0.5481621058354809,False
TIMO_RN50,Tip_Adapter_Custom_FSL1_RN50,1,F1_MACRO,40.291962922018065,0.06298880539025753,40.22897411662781,41.09587932928833,1.4398576768752452e-11,True
TIMO_RN50,Tip_Adapter_Custom_FSL4_RN50,1,F1_MACRO,40.291962922018065,0.028018629585882648,40.263944292432186,41.149329952092465,1.4720338673782695e-11,True
TIMO_RN50,Tip_Adapter_RN50,1,F1_MACRO,40.291962922018065,30.917586834729537,9.374376087288528,9.33352343218796,3.062090136616717e-06,True
TIMO_RN50,APE_Custom_FSL1_RN50,1,F1_MACRO,40.291962922018065,0.870544808204982,39.42141811381308,39.44254300300148,4.155387782152336e-12,True
TIMO_RN50,APE_Custom_FSL4_RN50,1,F1_MACRO,40.291962922018065,0.8363527339229246,39.45561018809514,39.11932736548595,2.2170966370855752e-12,True
TIMO_RN50,APE_RN50,1,F1_MACRO,40.291962922018065,39.75858247986247,0.5333804421555968,0.3771144697493732,0.7105058098402799,False
TIMO_RN50,GDA_CLIP_Custom_FSL1_RN50,1,F1_MACRO,40.291962922018065,11.979953726828727,28.31200919518934,23.868650488238693,6.817824315512437e-14,True
TIMO_RN50,GDA_CLIP_Custom_FSL4_RN50,1,F1_MACRO,40.291962922018065,14.61527490751541,25.676688014502655,22.823479115184764,1.26635501799037e-12,True
TIMO_RN50,GDA_CLIP_RN50,1,F1_MACRO,40.291962922018065,35.325927236522894,4.9660356854951715,4.109698453563799,0.0007814375574748107,True
TIMO_S_Custom_FSL1_RN50,TIMO_S_Custom_FSL4_RN50,1,F1_MACRO,6.381398370828518,6.6293324730824725,-0.2479341022539545,-0.28991225982885677,0.7753165224977876,False
TIMO_S_Custom_FSL1_RN50,TIMO_S_RN50,1,F1_MACRO,6.381398370828518,41.06885385959475,-34.68745548876623,-33.268208362662385,3.87129801812501e-17,True
TIMO_S_Custom_FSL1_RN50,Tip_Adapter_Custom_FSL1_RN50,1,F1_MACRO,6.381398370828518,0.06298880539025753,6.318409565438261,9.564488193529328,5.0355446514085195e-06,True
TIMO_S_Custom_FSL1_RN50,Tip_Adapter_Custom_FSL4_RN50,1,F1_MACRO,6.381398370828518,0.028018629585882648,6.353379741242636,9.626532635668084,4.905023015672314e-06,True
TIMO_S_Custom_FSL1_RN50,Tip_Adapter_RN50,1,F1_MACRO,6.381398370828518,30.917586834729537,-24.53618846390102,-35.162205335244664,9.891547664346027e-13,True
TIMO_S_Custom_FSL1_RN50,APE_Custom_FSL1_RN50,1,F1_MACRO,6.381398370828518,0.870544808204982,5.510853562623536,7.978529541400986,7.958915676073298e-06,True
TIMO_S_Custom_FSL1_RN50,APE_Custom_FSL4_RN50,1,F1_MACRO,6.381398370828518,0.8363527339229246,5.545045636905593,7.878056318467362,5.970814538219307e-06,True
TIMO_S_Custom_FSL1_RN50,APE_RN50,1,F1_MACRO,6.381398370828518,39.75858247986247,-33.37718410903395,-27.448841995109248,1.6890343569449922e-14,True
TIMO_S_Custom_FSL1_RN50,GDA_CLIP_Custom_FSL1_RN50,1,F1_MACRO,6.381398370828518,11.979953726828727,-5.598555356000209,-5.950778913540191,1.2480144741973963e-05,True
TIMO_S_Custom_FSL1_RN50,GDA_CLIP_Custom_FSL4_RN50,1,F1_MACRO,6.381398370828518,14.61527490751541,-8.233876536686893,-9.54718098635467,2.3568961889260556e-08,True
TIMO_S_Custom_FSL1_RN50,GDA_CLIP_RN50,1,F1_MACRO,6.381398370828518,35.325927236522894,-28.944528865694377,-29.88088361669614,9.869841543019802e-17,True
TIMO_S_Custom_FSL4_RN50,TIMO_S_RN50,1,F1_MACRO,6.6293324730824725,41.06885385959475,-34.43952138651228,-35.38299665591398,1.8710404693476737e-16,True
TIMO_S_Custom_FSL4_RN50,Tip_Adapter_Custom_FSL1_RN50,1,F1_MACRO,6.6293324730824725,0.06298880539025753,6.566343667692215,12.055998483258461,7.032081921684725e-07,True
TIMO_S_Custom_FSL4_RN50,Tip_Adapter_Custom_FSL4_RN50,1,F1_MACRO,6.6293324730824725,0.028018629585882648,6.60131384349659,12.13710267891816,6.982782575296919e-07,True
TIMO_S_Custom_FSL4_RN50,Tip_Adapter_RN50,1,F1_MACRO,6.6293324730824725,30.917586834729537,-24.288254361647063,-41.22192306583608,2.5131332026870744e-14,True
TIMO_S_Custom_FSL4_RN50,APE_Custom_FSL1_RN50,1,F1_MACRO,6.6293324730824725,0.870544808204982,5.758787664877491,9.915378353247688,5.685406309754946e-07,True
TIMO_S_Custom_FSL4_RN50,APE_Custom_FSL4_RN50,1,F1_MACRO,6.6293324730824725,0.8363527339229246,5.792979739159548,9.713715102182443,3.499250154685357e-07,True
TIMO_S_Custom_FSL4_RN50,APE_RN50,1,F1_MACRO,6.6293324730824725,39.75858247986247,-33.12925000678,-28.631683018001443,1.2303240995099211e-13,True
TIMO_S_Custom_FSL4_RN50,GDA_CLIP_Custom_FSL1_RN50,1,F1_MACRO,6.6293324730824725,11.979953726828727,-5.3506212537462545,-6.197546769942397,9.087479021709334e-06,True
TIMO_S_Custom_FSL4_RN50,GDA_CLIP_Custom_FSL4_RN50,1,F1_MACRO,6.6293324730824725,14.61527490751541,-7.985942434432937,-10.275237683661441,5.896265519976993e-09,True
TIMO_S_Custom_FSL4_RN50,GDA_CLIP_RN50,1,F1_MACRO,6.6293324730824725,35.325927236522894,-28.696594763440423,-32.11288979522213,1.4473160610163175e-16,True
TIMO_S_RN50,Tip_Adapter_Custom_FSL1_RN50,1,F1_MACRO,41.06885385959475,0.06298880539025753,41.0058650542045,50.76728087151867,2.1202242006907996e-12,True
TIMO_S_RN50,Tip_Adapter_Custom_FSL4_RN50,1,F1_MACRO,41.06885385959475,0.028018629585882648,41.040835230008874,50.84274924419433,2.209023091568112e-12,True
TIMO_S_RN50,Tip_Adapter_RN50,1,F1_MACRO,41.06885385959475,30.917586834729537,10.151267024865216,12.107746832976703,1.8251360043820637e-07,True
TIMO_S_RN50,APE_Custom_FSL1_RN50,1,F1_MACRO,41.06885385959475,0.870544808204982,40.19830905138977,48.2851216563985,2.535312183833775e-13,True
TIMO_S_RN50,APE_Custom_FSL4_RN50,1,F1_MACRO,41.06885385959475,0.8363527339229246,40.23250112567183,47.69930758099935,9.391014084727025e-14,True
TIMO_S_RN50,APE_RN50,1,F1_MACRO,41.06885385959475,39.75858247986247,1.310271379732285,1.0065291555542444,0.3282020622041245,False
TIMO_S_RN50,GDA_CLIP_Custom_FSL1_RN50,1,F1_MACRO,41.06885385959475,11.979953726828727,29.088900132766028,27.720913396177625,7.488902442899454e-16,True
TIMO_S_RN50,GDA_CLIP_Custom_FSL4_RN50,1,F1_MACRO,41.06885385959475,14.61527490751541,26.453578952079344,27.001718599363194,9.532392857574366e-15,True
TIMO_S_RN50,GDA_CLIP_RN50,1,F1_MACRO,41.06885385959475,35.325927236522894,5.74292662307186,5.345282261363328,4.6745076210110224e-05,True
Tip_Adapter_Custom_FSL1_RN50,Tip_Adapter_Custom_FSL4_RN50,1,F1_MACRO,0.06298880539025753,0.028018629585882648,0.03497017580437488,1.1954078204864667,0.2614429228928961,False
Tip_Adapter_Custom_FSL1_RN50,Tip_Adapter_RN50,1,F1_MACRO,0.06298880539025753,30.917586834729537,-30.85459802933928,-135.0485141292216,1.2674324902433732e-16,True
Tip_Adapter_Custom_FSL1_RN50,APE_Custom_FSL1_RN50,1,F1_MACRO,0.06298880539025753,0.870544808204982,-0.8075560028147245,-3.9239329765258577,0.0032317000469827485,True
Tip_Adapter_Custom_FSL1_RN50,APE_Custom_FSL4_RN50,1,F1_MACRO,0.06298880539025753,0.8363527339229246,-0.7733639285326671,-3.1391889689350876,0.011548412142812919,True
Tip_Adapter_Custom_FSL1_RN50,APE_RN50,1,F1_MACRO,0.06298880539025753,39.75858247986247,-39.695593674472214,-38.85239931281388,2.3889081710265622e-11,True
Tip_Adapter_Custom_FSL1_RN50,GDA_CLIP_Custom_FSL1_RN50,1,F1_MACRO,0.06298880539025753,11.979953726828727,-11.916964921438469,-17.7569062652601,2.4701903237750883e-08,True
Tip_Adapter_Custom_FSL1_RN50,GDA_CLIP_Custom_FSL4_RN50,1,F1_MACRO,0.06298880539025753,14.61527490751541,-14.552286102125152,-26.175646901885784,7.68659966290258e-10,True
Tip_Adapter_Custom_FSL1_RN50,GDA_CLIP_RN50,1,F1_MACRO,0.06298880539025753,35.325927236522894,-35.26293843113264,-49.691582772839325,2.5292091363101974e-12,True
Tip_Adapter_Custom_FSL4_RN50,Tip_Adapter_RN50,1,F1_MACRO,0.028018629585882648,30.917586834729537,-30.889568205143654,-136.28342625474798,3.0778241714573997e-16,True
Tip_Adapter_Custom_FSL4_RN50,APE_Custom_FSL1_RN50,1,F1_MACRO,0.028018629585882648,0.870544808204982,-0.8425261786190994,-4.134338701897987,0.002539003416252442,True
Tip_Adapter_Custom_FSL4_RN50,APE_Custom_FSL4_RN50,1,F1_MACRO,0.028018629585882648,0.8363527339229246,-0.808334104337042,-3.303680371645877,0.009169555626840077,True
Tip_Adapter_Custom_FSL4_RN50,APE_RN50,1,F1_MACRO,0.028018629585882648,39.75858247986247,-39.73056385027659,-38.90201055295088,2.434144554973287e-11,True
Tip_Adapter_Custom_FSL4_RN50,GDA_CLIP_Custom_FSL1_RN50,1,F1_MACRO,0.028018629585882648,11.979953726828727,-11.951935097242844,-17.825355384474427,2.4976666363737036e-08,True
Tip_Adapter_Custom_FSL4_RN50,GDA_CLIP_Custom_FSL4_RN50,1,F1_MACRO,0.028018629585882648,14.61527490751541,-14.587256277929527,-26.273656357596217,8.081702589425446e-10,True
Tip_Adapter_Custom_FSL4_RN50,GDA_CLIP_RN50,1,F1_MACRO,0.028018629585882648,35.325927236522894,-35.297908606937014,-49.781678066111475,2.668372939285955e-12,True
Tip_Adapter_RN50,APE_Custom_FSL1_RN50,1,F1_MACRO,30.917586834729537,0.870544808204982,30.047042026524554,98.59585608825373,7.979085996386373e-26,True
Tip_Adapter_RN50,APE_Custom_FSL4_RN50,1,F1_MACRO,30.917586834729537,0.8363527339229246,30.08123410080661,90.20367793101504,3.0254322490055025e-25,True
Tip_Adapter_RN50,APE_RN50,1,F1_MACRO,30.917586834729537,39.75858247986247,-8.840995645132931,-8.451122878871413,7.83091027310308e-06,True
Tip_Adapter_RN50,GDA_CLIP_Custom_FSL1_RN50,1,F1_MACRO,30.917586834729537,11.979953726828727,18.93763310790081,26.757364231680135,2.1989695272768935e-11,True
Tip_Adapter_RN50,GDA_CLIP_Custom_FSL4_RN50,1,F1_MACRO,30.917586834729537,14.61527490751541,16.302311927214127,27.18580931237285,4.31345160700564e-12,True
Tip_Adapter_RN50,GDA_CLIP_RN50,1,F1_MACRO,30.917586834729537,35.325927236522894,-4.408340401793357,-5.922167858930033,0.00010676457339572817,True
APE_Custom_FSL1_RN50,APE_Custom_FSL4_RN50,1,F1_MACRO,0.870544808204982,0.8363527339229246,0.034192074282057394,0.10739396410257902,0.9157029752633843,False
APE_Custom_FSL1_RN50,APE_RN50,1,F1_MACRO,0.870544808204982,39.75858247986247,-38.888037671657486,-37.34146331900661,8.055137990055073e-12,True
APE_Custom_FSL1_RN50,GDA_CLIP_Custom_FSL1_RN50,1,F1_MACRO,0.870544808204982,11.979953726828727,-11.109408918623744,-15.853255352317184,9.549655375517747e-09,True
APE_Custom_FSL1_RN50,GDA_CLIP_Custom_FSL4_RN50,1,F1_MACRO,0.870544808204982,14.61527490751541,-13.744730099310427,-23.241097051481066,5.989698285403922e-11,True
APE_Custom_FSL1_RN50,GDA_CLIP_RN50,1,F1_MACRO,0.870544808204982,35.325927236522894,-34.45538242831791,-46.70411251162888,1.6858107011955009e-13,True
APE_Custom_FSL4_RN50,APE_RN50,1,F1_MACRO,0.8363527339229246,39.75858247986247,-38.922229745939546,-37.06228624431534,4.587064790819116e-12,True
APE_Custom_FSL4_RN50,GDA_CLIP_Custom_FSL1_RN50,1,F1_MACRO,0.8363527339229246,11.979953726828727,-11.143600992905803,-15.613207772967826,5.009523374202623e-09,True
APE_Custom_FSL4_RN50,GDA_CLIP_Custom_FSL4_RN50,1,F1_MACRO,0.8363527339229246,14.61527490751541,-13.778922173592486,-22.71114588157199,1.8558156644982486e-11,True
APE_Custom_FSL4_RN50,GDA_CLIP_RN50,1,F1_MACRO,0.8363527339229246,35.325927236522894,-34.48957450259997,-45.98224520585702,4.925162032920643e-14,True
APE_RN50,GDA_CLIP_Custom_FSL1_RN50,1,F1_MACRO,39.75858247986247,11.979953726828727,27.778628753033743,22.7373629987933,2.383766031862842e-13,True
APE_RN50,GDA_CLIP_Custom_FSL4_RN50,1,F1_MACRO,39.75858247986247,14.61527490751541,25.14330757234706,21.6297226028257,4.276393731068776e-12,True
APE_RN50,GDA_CLIP_RN50,1,F1_MACRO,39.75858247986247,35.325927236522894,4.432655243339575,3.5652532072625776,0.002573216007427533,True
GDA_CLIP_Custom_FSL1_RN50,GDA_CLIP_Custom_FSL4_RN50,1,F1_MACRO,11.979953726828727,14.61527490751541,-2.6353211806866828,-3.027316103799669,0.007451846376642207,True
GDA_CLIP_Custom_FSL1_RN50,GDA_CLIP_RN50,1,F1_MACRO,11.979953726828727,35.325927236522894,-23.34597350969417,-23.923516241152758,4.604459070287446e-15,True
GDA_CLIP_Custom_FSL4_RN50,GDA_CLIP_RN50,1,F1_MACRO,14.61527490751541,35.325927236522894,-20.710652329007484,-22.997931403686117,2.938977734292083e-14,True
TIMO_Custom_FSL1_RN50,TIMO_Custom_FSL4_RN50,2,ACC,12.140672782874615,13.547400611620796,-1.406727828746181,-1.0337151153666124,0.31498746735203076,False
TIMO_Custom_FSL1_RN50,TIMO_RN50,2,ACC,12.140672782874615,47.88990825688073,-35.74923547400611,-34.95657514761237,1.3139606453447114e-13,True
TIMO_Custom_FSL1_RN50,TIMO_S_Custom_FSL1_RN50,2,ACC,12.140672782874615,13.761467889908257,-1.6207951070336417,-1.2507283936801608,0.22709062477103176,False
TIMO_Custom_FSL1_RN50,TIMO_S_Custom_FSL4_RN50,2,ACC,12.140672782874615,15.382262996941895,-3.24159021406728,-2.29724175811562,0.0339802947673484,True
TIMO_Custom_FSL1_RN50,TIMO_S_RN50,2,ACC,12.140672782874615,48.65443425076454,-36.51376146788992,-35.44971193670961,6.652422190113046e-14,True
TIMO_Custom_FSL1_RN50,Tip_Adapter_Custom_FSL1_RN50,2,ACC,12.140672782874615,1.1926605504587156,10.9480122324159,11.534392681579376,7.671580357571216e-07,True
TIMO_Custom_FSL1_RN50,Tip_Adapter_Custom_FSL4_RN50,2,ACC,12.140672782874615,1.1926605504587156,10.9480122324159,11.601492681493173,8.91658062034676e-07,True
TIMO_Custom_FSL1_RN50,Tip_Adapter_RN50,2,ACC,12.140672782874615,40.73394495412843,-28.593272171253815,-28.603096912018145,6.459116940680075e-12,True
TIMO_Custom_FSL1_RN50,APE_Custom_FSL1_RN50,2,ACC,12.140672782874615,3.5474006116207955,8.593272171253819,8.132505482105296,1.4906803628949397e-06,True
TIMO_Custom_FSL1_RN50,APE_Custom_FSL4_RN50,2,ACC,12.140672782874615,3.394495412844037,8.746177370030578,8.533195782768741,1.6335854130073421e-06,True
TIMO_Custom_FSL1_RN50,APE_RN50,2,ACC,12.140672782874615,47.09480122324159,-34.95412844036697,-32.48668504392476,1.1742833881586265e-14,True
TIMO_Custom_FSL1_RN50,GDA_CLIP_Custom_FSL1_RN50,2,ACC,12.140672782874615,20.948012232415902,-8.807339449541287,-7.865604077167682,8.831573394101272e-07,True
TIMO_Custom_FSL1_RN50,GDA_CLIP_Custom_FSL4_RN50,2,ACC,12.140672782874615,25.96330275229358,-13.822629969418964,-11.218494556900371,1.9911408872823724e-09,True
TIMO_Custom_FSL1_RN50,GDA_CLIP_RN50,2,ACC,12.140672782874615,47.217125382263,-35.07645259938838,-31.8870928365434,4.283328676892842e-15,True
TIMO_Custom_FSL4_RN50,TIMO_RN50,2,ACC,13.547400611620796,47.88990825688073,-34.342507645259936,-32.2913940475796,5.496106405874629e-13,True
TIMO_Custom_FSL4_RN50,TIMO_S_Custom_FSL1_RN50,2,ACC,13.547400611620796,13.761467889908257,-0.21406727828746064,-0.16115272877137282,0.8737851086225656,False
TIMO_Custom_FSL4_RN50,TIMO_S_Custom_FSL4_RN50,2,ACC,13.547400611620796,15.382262996941895,-1.8348623853210988,-1.2733653495293642,0.21915961316164587,False
TIMO_Custom_FSL4_RN50,TIMO_S_RN50,2,ACC,13.547400611620796,48.65443425076454,-35.107033639143744,-32.79256488713107,2.89668313609415e-13,True
TIMO_Custom_FSL4_RN50,Tip_Adapter_Custom_FSL1_RN50,2,ACC,13.547400611620796,1.1926605504587156,12.354740061162081,12.441407460556004,4.0573090133261624e-07,True
TIMO_Custom_FSL4_RN50,Tip_Adapter_Custom_FSL4_RN50,2,ACC,13.547400611620796,1.1926605504587156,12.354740061162081,12.50748018998533,4.7140077490554847e-07,True
TIMO_Custom_FSL4_RN50,Tip_Adapter_RN50,2,ACC,13.547400611620796,40.73394495412843,-27.186544342507638,-26.105689844428948,2.4660205893370365e-11,True
TIMO_Custom_FSL4_RN50,APE_Custom_FSL1_RN50,2,ACC,13.547400611620796,3.5474006116207955,10.0,9.122128565854817,4.879243232627192e-07,True
TIMO_Custom_FSL4_RN50,APE_Custom_FSL4_RN50,2,ACC,13.547400611620796,3.394495412844037,10.15290519877676,9.526848467359844,5.961751334849507e-07,True
TIMO_Custom_FSL4_RN50,APE_RN50,2,ACC,13.547400611620796,47.09480122324159,-33.547400611620795,-30.0915207953549,6.334464392530211e-14,True
TIMO_Custom_FSL4_RN50,GDA_CLIP_Custom_FSL1_RN50,2,ACC,13.547400611620796,20.948012232415902,-7.400611620795106,-6.395544972790916,1.2013102618124459e-05,True
TIMO_Custom_FSL4_RN50,GDA_CLIP_Custom_FSL4_RN50,2,ACC,13.547400611620796,25.96330275229358,-12.415902140672783,-9.805377656093265,1.798772039742595e-08,True
TIMO_Custom_FSL4_RN50,GDA_CLIP_RN50,2,ACC,13.547400611620796,47.217125382263,-33.669724770642205,-29.584377280270278,2.4466104958606414e-14,True
TIMO_RN50,TIMO_S_Custom_FSL1_RN50,2,ACC,47.88990825688073,13.761467889908257,34.12844036697247,34.85987312876138,7.466925301608312e-14,True
TIMO_RN50,TIMO_S_Custom_FSL4_RN50,2,ACC,47.88990825688073,15.382262996941895,32.50764525993883,28.842312986390464,3.7718474121289926e-12,True
TIMO_RN50,TIMO_S_RN50,2,ACC,47.88990825688073,48.65443425076454,-0.764525993883808,-1.3109564381657317,0.20638382037271671,False
TIMO_RN50,Tip_Adapter_Custom_FSL1_RN50,2,ACC,47.88990825688073,1.1926605504587156,46.69724770642201,110.04264241922732,5.525608469610311e-18,True
TIMO_RN50,Tip_Adapter_Custom_FSL4_RN50,2,ACC,47.88990825688073,1.1926605504587156,46.69724770642201,113.36192169717192,1.3400866867057524e-16,True
TIMO_RN50,Tip_Adapter_RN50,2,ACC,47.88990825688073,40.73394495412843,7.155963302752298,13.560313032973808,1.0106442742341332e-10,True
TIMO_RN50,APE_Custom_FSL1_RN50,2,ACC,47.88990825688073,3.5474006116207955,44.342507645259936,70.49215493629794,7.132175807246094e-23,True
TIMO_RN50,APE_Custom_FSL4_RN50,2,ACC,47.88990825688073,3.394495412844037,44.49541284403669,77.49063361555751,3.564144686886188e-24,True
TIMO_RN50,APE_RN50,2,ACC,47.88990825688073,47.09480122324159,0.795107033639141,1.202993412027487,0.24556821631469167,False
TIMO_RN50,GDA_CLIP_Custom_FSL1_RN50,2,ACC,47.88990825688073,20.948012232415902,26.94189602446483,36.90462643795303,1.2729223721390693e-16,True
TIMO_RN50,GDA_CLIP_Custom_FSL4_RN50,2,ACC,47.88990825688073,25.96330275229358,21.92660550458715,24.55601054959499,1.7446283679226882e-12,True
TIMO_RN50,GDA_CLIP_RN50,2,ACC,47.88990825688073,47.217125382263,0.6727828746177309,0.9618906615929886,0.3502622646747231,False
TIMO_S_Custom_FSL1_RN50,TIMO_S_Custom_FSL4_RN50,2,ACC,13.761467889908257,15.382262996941895,-1.6207951070336382,-1.1746880127491484,0.255830534301372,False
TIMO_S_Custom_FSL1_RN50,TIMO_S_RN50,2,ACC,13.761467889908257,48.65443425076454,-34.89296636085628,-35.3639102466721,3.611474943525357e-14,True
TIMO_S_Custom_FSL1_RN50,Tip_Adapter_Custom_FSL1_RN50,2,ACC,13.761467889908257,1.1926605504587156,12.568807339449542,13.9350948806232,1.3687908472488815e-07,True
TIMO_S_Custom_FSL1_RN50,Tip_Adapter_Custom_FSL4_RN50,2,ACC,13.761467889908257,1.1926605504587156,12.568807339449542,14.024953271612985,1.6808756903214873e-07,True
TIMO_S_Custom_FSL1_RN50,Tip_Adapter_RN50,2,ACC,13.761467889908257,40.73394495412843,-26.972477064220175,-28.244996975529578,4.930265053095358e-12,True
TIMO_S_Custom_FSL1_RN50,APE_Custom_FSL1_RN50,2,ACC,13.761467889908257,3.5474006116207955,10.214067278287462,10.068445085003214,9.420898599886784e-08,True
TIMO_S_Custom_FSL1_RN50,APE_Custom_FSL4_RN50,2,ACC,13.761467889908257,3.394495412844037,10.36697247706422,10.563419129877099,1.2475460780007493e-07,True
TIMO_S_Custom_FSL1_RN50,APE_RN50,2,ACC,13.761467889908257,47.09480122324159,-33.33333333333333,-32.22026739597239,6.193348800726766e-15,True
TIMO_S_Custom_FSL1_RN50,GDA_CLIP_Custom_FSL1_RN50,2,ACC,13.761467889908257,20.948012232415902,-7.186544342507645,-6.654201412380424,5.743979087566552e-06,True
TIMO_S_Custom_FSL1_RN50,GDA_CLIP_Custom_FSL4_RN50,2,ACC,13.761467889908257,25.96330275229358,-12.201834862385322,-10.201004765249381,7.447154617409218e-09,True
TIMO_S_Custom_FSL1_RN50,GDA_CLIP_RN50,2,ACC,13.761467889908257,47.217125382263,-33.455657492354746,-31.57521300431795,2.2989036375349924e-15,True
TIMO_S_Custom_FSL4_RN50,TIMO_S_RN50,2,ACC,15.382262996941895,48.65443425076454,-33.27217125382264,-29.347107321930658,2.096898208353789e-12,True
TIMO_S_Custom_FSL4_RN50,Tip_Adapter_Custom_FSL1_RN50,2,ACC,15.382262996941895,1.1926605504587156,14.18960244648318,13.375961404336685,2.229728861937526e-07,True
TIMO_S_Custom_FSL4_RN50,Tip_Adapter_Custom_FSL4_RN50,2,ACC,15.382262996941895,1.1926605504587156,14.18960244648318,13.438146590351801,2.57049143293361e-07,True
TIMO_S_Custom_FSL4_RN50,Tip_Adapter_RN50,2,ACC,15.382262996941895,40.73394495412843,-25.351681957186535,-22.917036040569794,1.514472081789031e-10,True
TIMO_S_Custom_FSL4_RN50,APE_Custom_FSL1_RN50,2,ACC,15.382262996941895,3.5474006116207955,11.834862385321099,10.220054583591633,1.808909918388895e-07,True
TIMO_S_Custom_FSL4_RN50,APE_Custom_FSL4_RN50,2,ACC,15.382262996941895,3.394495412844037,11.987767584097858,10.61658986869596,2.428507774629046e-07,True
TIMO_S_Custom_FSL4_RN50,APE_RN50,2,ACC,15.382262996941895,47.09480122324159,-31.712538226299692,-26.974777081592517,6.202270765232668e-13,True
TIMO_S_Custom_FSL4_RN50,GDA_CLIP_Custom_FSL1_RN50,2,ACC,15.382262996941895,20.948012232415902,-5.565749235474007,-4.577741243040373,0.00040023251521040823,True
TIMO_S_Custom_FSL4_RN50,GDA_CLIP_Custom_FSL4_RN50,2,ACC,15.382262996941895,25.96330275229358,-10.581039755351684,-8.015503760629935,3.916294137867804e-07,True
TIMO_S_Custom_FSL4_RN50,GDA_CLIP_RN50,2,ACC,15.382262996941895,47.217125382263,-31.834862385321102,-26.579926687566445,2.636241571489457e-13,True
TIMO_S_RN50,Tip_Adapter_Custom_FSL1_RN50,2,ACC,48.65443425076454,1.1926605504587156,47.46177370030582,107.4397966498141,1.1645006228040172e-17,True
TIMO_S_RN50,Tip_Adapter_Custom_FSL4_RN50,2,ACC,48.65443425076454,1.1926605504587156,47.46177370030582,110.419834869051,2.135674857174936e-16,True
TIMO_S_RN50,Tip_Adapter_RN50,2,ACC,48.65443425076454,40.73394495412843,7.920489296636106,14.618802294681151,3.782057831829811e-11,True
TIMO_S_RN50,APE_Custom_FSL1_RN50,2,ACC,48.65443425076454,3.5474006116207955,45.107033639143744,70.3800981027679,4.2438263588600476e-23,True
TIMO_S_RN50,APE_Custom_FSL4_RN50,2,ACC,48.65443425076454,3.394495412844037,45.2599388379205,77.08054545892853,4.043217144792974e-24,True
TIMO_S_RN50,APE_RN50,2,ACC,48.65443425076454,47.09480122324159,1.559633027522949,2.3200467007137733,0.032870845567319,True
TIMO_S_RN50,GDA_CLIP_Custom_FSL1_RN50,2,ACC,48.65443425076454,20.948012232415902,27.706422018348636,37.42651503017291,5.07246477324478e-17,True
TIMO_S_RN50,GDA_CLIP_Custom_FSL4_RN50,2,ACC,48.65443425076454,25.96330275229358,22.69113149847096,25.17545491773007,7.558008435517753e-13,True
TIMO_S_RN50,GDA_CLIP_RN50,2,ACC,48.65443425076454,47.217125382263,1.437308868501539,2.024016119706896,0.05941815732032941,False
Tip_Adapter_Custom_FSL1_RN50,Tip_Adapter_Custom_FSL4_RN50,2,ACC,1.1926605504587156,1.1926605504587156,0.0,0.0,1.0,False
Tip_Adapter_Custom_FSL1_RN50,Tip_Adapter_RN50,2,ACC,1.1926605504587156,40.73394495412843,-39.541284403669714,-108.21020399679138,7.081446625043402e-19,True
Tip_Adapter_Custom_FSL1_RN50,APE_Custom_FSL1_RN50,2,ACC,1.1926605504587156,3.5474006116207955,-2.35474006116208,-4.702548885169161,0.0007640053423318725,True
Tip_Adapter_Custom_FSL1_RN50,APE_Custom_FSL4_RN50,2,ACC,1.1926605504587156,3.394495412844037,-2.2018348623853217,-5.12256965887349,0.0003448748492728053,True
Tip_Adapter_Custom_FSL1_RN50,APE_RN50,2,ACC,1.1926605504587156,47.09480122324159,-45.90214067278287,-84.96226415094345,8.210016311535376e-16,True
Tip_Adapter_Custom_FSL1_RN50,GDA_CLIP_Custom_FSL1_RN50,2,ACC,1.1926605504587156,20.948012232415902,-19.755351681957187,-31.715138763387642,3.0144364879659895e-11,True
Tip_Adapter_Custom_FSL1_RN50,GDA_CLIP_Custom_FSL4_RN50,2,ACC,1.1926605504587156,25.96330275229358,-24.770642201834864,-30.668717699001544,8.040380775629879e-11,True
Tip_Adapter_Custom_FSL1_RN50,GDA_CLIP_RN50,2,ACC,1.1926605504587156,47.217125382263,-46.02446483180428,-78.44170713755396,3.0524130062314735e-15,True
Tip_Adapter_Custom_FSL4_RN50,Tip_Adapter_RN50,2,ACC,1.1926605504587156,40.73394495412843,-39.541284403669714,-112.68357174749174,5.2936125534916064e-17,True
Tip_Adapter_Custom_FSL4_RN50,APE_Custom_FSL1_RN50,2,ACC,1.1926605504587156,3.5474006116207955,-2.35474006116208,-4.8031280339489015,0.0008194338653691674,True
Tip_Adapter_Custom_FSL4_RN50,APE_Custom_FSL4_RN50,2,ACC,1.1926605504587156,3.394495412844037,-2.2018348623853217,-5.27300001910016,0.0003901705349884451,True
Tip_Adapter_Custom_FSL4_RN50,APE_RN50,2,ACC,1.1926605504587156,47.09480122324159,-45.90214067278287,-86.51620169740573,4.769630833044485e-15,True
Tip_Adapter_Custom_FSL4_RN50,GDA_CLIP_Custom_FSL1_RN50,2,ACC,1.1926605504587156,20.948012232415902,-19.755351681957187,-32.14854419380384,6.859657471531898e-11,True
Tip_Adapter_Custom_FSL4_RN50,GDA_CLIP_Custom_FSL4_RN50,2,ACC,1.1926605504587156,25.96330275229358,-24.770642201834864,-30.915930449920648,1.293906501338794e-10,True
Tip_Adapter_Custom_FSL4_RN50,GDA_CLIP_RN50,2,ACC,1.1926605504587156,47.217125382263,-46.02446483180428,-79.65304666575693,1.2875807972607383e-14,True
Tip_Adapter_RN50,APE_Custom_FSL1_RN50,2,ACC,40.73394495412843,3.5474006116207955,37.18654434250764,62.933979012022654,9.016733543626776e-21,True
Tip_Adapter_RN50,APE_Custom_FSL4_RN50,2,ACC,40.73394495412843,3.394495412844037,37.339449541284395,70.1703536553015,7.98593804349045e-23,True
Tip_Adapter_RN50,APE_RN50,2,ACC,40.73394495412843,47.09480122324159,-6.360856269113157,-10.181735197371479,2.97212391135999e-08,True
Tip_Adapter_RN50,GDA_CLIP_Custom_FSL1_RN50,2,ACC,40.73394495412843,20.948012232415902,19.78593272171253,28.369796125350906,7.323403642560891e-14,True
Tip_Adapter_RN50,GDA_CLIP_Custom_FSL4_RN50,2,ACC,40.73394495412843,25.96330275229358,14.770642201834853,17.047058823529394,7.216285339105534e-10,True
Tip_Adapter_RN50,GDA_CLIP_RN50,2,ACC,40.73394495412843,47.217125382263,-6.483180428134567,-9.744337467270752,8.52226140267674e-08,True
APE_Custom_FSL1_RN50,APE_Custom_FSL4_RN50,2,ACC,3.5474006116207955,3.394495412844037,0.15290519877675823,0.24165275711661266,0.8118543538533608,False
APE_Custom_FSL1_RN50,APE_RN50,2,ACC,3.5474006116207955,47.09480122324159,-43.547400611620795,-61.128454591032835,3.220222450787555e-22,True
APE_Custom_FSL1_RN50,GDA_CLIP_Custom_FSL1_RN50,2,ACC,3.5474006116207955,20.948012232415902,-17.400611620795107,-22.396638122899734,4.0459025037171824e-14,True
APE_Custom_FSL1_RN50,GDA_CLIP_Custom_FSL4_RN50,2,ACC,3.5474006116207955,25.96330275229358,-22.415902140672785,-24.060463463348164,2.717885117561475e-13,True
APE_Custom_FSL1_RN50,GDA_CLIP_RN50,2,ACC,3.5474006116207955,47.217125382263,-43.669724770642205,-58.362739432965846,1.6376329538297434e-21,True
APE_Custom_FSL4_RN50,APE_RN50,2,ACC,3.394495412844037,47.09480122324159,-43.70030581039755,-65.76731593025016,6.608643025087179e-22,True
APE_Custom_FSL4_RN50,GDA_CLIP_Custom_FSL1_RN50,2,ACC,3.394495412844037,20.948012232415902,-17.553516819571865,-23.939767866553048,8.257343262418063e-14,True
APE_Custom_FSL4_RN50,GDA_CLIP_Custom_FSL4_RN50,2,ACC,3.394495412844037,25.96330275229358,-22.568807339449542,-25.20143260282074,1.0580157487126728e-12,True
APE_Custom_FSL4_RN50,GDA_CLIP_RN50,2,ACC,3.394495412844037,47.217125382263,-43.82262996941896,-62.356759484420394,7.906575824495667e-21,True
APE_RN50,GDA_CLIP_Custom_FSL1_RN50,2,ACC,47.09480122324159,20.948012232415902,26.146788990825687,32.562405219555195,3.499479863919919e-17,True
APE_RN50,GDA_CLIP_Custom_FSL4_RN50,2,ACC,47.09480122324159,25.96330275229358,21.13149847094801,22.162568648058254,3.4560848915347004e-13,True
APE_RN50,GDA_CLIP_RN50,2,ACC,47.09480122324159,47.217125382263,-0.12232415902141014,-0.15778550491146953,0.8763956206309598,False
GDA_CLIP_Custom_FSL1_RN50,GDA_CLIP_Custom_FSL4_RN50,2,ACC,20.948012232415902,25.96330275229358,-5.015290519877677,-5.002211625818407,0.00011220863014884704,True
GDA_CLIP_Custom_FSL1_RN50,GDA_CLIP_RN50,2,ACC,20.948012232415902,47.217125382263,-26.269113149847097,-31.461941747236207,3.8562546433803064e-17,True
GDA_CLIP_Custom_FSL4_RN50,GDA_CLIP_RN50,2,ACC,25.96330275229358,47.217125382263,-21.25382262996942,-21.675283086924214,1.8419445895990174e-13,True
TIMO_Custom_FSL1_RN50,TIMO_Custom_FSL4_RN50,2,F1_MACRO,10.776389655307998,12.159856867669369,-1.3834672123613707,-1.02729526202143,0.31820472776644576,False
TIMO_Custom_FSL1_RN50,TIMO_RN50,2,F1_MACRO,10.776389655307998,43.72307331225774,-32.946683656949745,-31.82265097289054,2.6536311514233625e-15,True
TIMO_Custom_FSL1_RN50,TIMO_S_Custom_FSL1_RN50,2,F1_MACRO,10.776389655307998,12.442349091826644,-1.665959436518646,-1.3867559092041162,0.18252026221800183,False
TIMO_Custom_FSL1_RN50,TIMO_S_Custom_FSL4_RN50,2,F1_MACRO,10.776389655307998,13.921585784177694,-3.1451961288696957,-2.3252289740463317,0.032277633112824014,True
TIMO_Custom_FSL1_RN50,TIMO_S_RN50,2,F1_MACRO,10.776389655307998,43.980207588929524,-33.20381793362152,-32.99367522721539,7.755935415409866e-15,True
TIMO_Custom_FSL1_RN50,Tip_Adapter_Custom_FSL1_RN50,2,F1_MACRO,10.776389655307998,0.04433150720077924,10.73205814810722,12.247086299117584,6.446340424737529e-07,True
TIMO_Custom_FSL1_RN50,Tip_Adapter_Custom_FSL4_RN50,2,F1_MACRO,10.776389655307998,0.033069996051133685,10.743319659256864,12.260840901759645,6.402044458910167e-07,True
TIMO_Custom_FSL1_RN50,Tip_Adapter_RN50,2,F1_MACRO,10.776389655307998,32.581819715473515,-21.805430060165516,-23.223608373013878,4.284371712903844e-11,True
TIMO_Custom_FSL1_RN50,APE_Custom_FSL1_RN50,2,F1_MACRO,10.776389655307998,1.5136803146280107,9.262709340679987,9.582496350592123,3.49918397331356e-07,True
TIMO_Custom_FSL1_RN50,APE_Custom_FSL4_RN50,2,F1_MACRO,10.776389655307998,1.708112273520016,9.068277381787983,9.331395917984612,4.158002626116287e-07,True
TIMO_Custom_FSL1_RN50,APE_RN50,2,F1_MACRO,10.776389655307998,42.37257063040732,-31.59618097509932,-29.36621104904846,1.5912195843614931e-15,True
TIMO_Custom_FSL1_RN50,GDA_CLIP_Custom_FSL1_RN50,2,F1_MACRO,10.776389655307998,19.40321935922265,-8.626829703914652,-7.847190658753243,5.189657441363601e-07,True
TIMO_Custom_FSL1_RN50,GDA_CLIP_Custom_FSL4_RN50,2,F1_MACRO,10.776389655307998,24.216188732757036,-13.439799077449038,-11.989181965501388,9.151182038859676e-10,True
TIMO_Custom_FSL1_RN50,GDA_CLIP_RN50,2,F1_MACRO,10.776389655307998,42.46836105001656,-31.691971394708563,-30.2956470187345,3.323537834979731e-15,True
TIMO_Custom_FSL4_RN50,TIMO_RN50,2,F1_MACRO,12.159856867669369,43.72307331225774,-31.56321644458837,-27.164715733244464,2.1393791459455117e-13,True
TIMO_Custom_FSL4_RN50,TIMO_S_Custom_FSL1_RN50,2,F1_MACRO,12.159856867669369,12.442349091826644,-0.2824922241572754,-0.21531234415864725,0.8320557538630377,False
TIMO_Custom_FSL4_RN50,TIMO_S_Custom_FSL4_RN50,2,F1_MACRO,12.159856867669369,13.921585784177694,-1.761728916508325,-1.2134572188267243,0.2406395193933316,False
TIMO_Custom_FSL4_RN50,TIMO_S_RN50,2,F1_MACRO,12.159856867669369,43.980207588929524,-31.820350721260155,-28.006000859793584,5.262007934033748e-13,True
TIMO_Custom_FSL4_RN50,Tip_Adapter_Custom_FSL1_RN50,2,F1_MACRO,12.159856867669369,0.04433150720077924,12.11552536046859,11.845795687086309,8.572237609829606e-07,True
TIMO_Custom_FSL4_RN50,Tip_Adapter_Custom_FSL4_RN50,2,F1_MACRO,12.159856867669369,0.033069996051133685,12.126786871618235,11.857447770025166,8.517134350717757e-07,True
TIMO_Custom_FSL4_RN50,Tip_Adapter_RN50,2,F1_MACRO,12.159856867669369,32.581819715473515,-20.421962847804146,-18.963256613974337,1.0274276579818896e-09,True
TIMO_Custom_FSL4_RN50,APE_Custom_FSL1_RN50,2,F1_MACRO,12.159856867669369,1.5136803146280107,10.646176553041357,9.668217012224845,5.916227523081243e-07,True
TIMO_Custom_FSL4_RN50,APE_Custom_FSL4_RN50,2,F1_MACRO,12.159856867669369,1.708112273520016,10.451744594149353,9.45262606249381,6.749529999099532e-07,True
TIMO_Custom_FSL4_RN50,APE_RN50,2,F1_MACRO,12.159856867669369,42.37257063040732,-30.21271376273795,-25.214009803655866,1.2546865466629494e-13,True
TIMO_Custom_FSL4_RN50,GDA_CLIP_Custom_FSL1_RN50,2,F1_MACRO,12.159856867669369,19.40321935922265,-7.243362491553281,-5.940491498814152,2.401661860794404e-05,True
TIMO_Custom_FSL4_RN50,GDA_CLIP_Custom_FSL4_RN50,2,F1_MACRO,12.159856867669369,24.216188732757036,-12.056331865087667,-9.731734642556738,4.2256296761894674e-08,True
TIMO_Custom_FSL4_RN50,GDA_CLIP_RN50,2,F1_MACRO,12.159856867669369,42.46836105001656,-30.308504182347193,-25.870989717175274,2.676018817379404e-13,True
TIMO_RN50,TIMO_S_Custom_FSL1_RN50,2,F1_MACRO,43.72307331225774,12.442349091826644,31.280724220431097,31.604090296536935,1.15181717838994e-15,True
TIMO_RN50,TIMO_S_Custom_FSL4_RN50,2,F1_MACRO,43.72307331225774,13.921585784177694,29.801487528080045,25.497757799895776,5.536634063332088e-13,True
TIMO_RN50,TIMO_S_RN50,2,F1_MACRO,43.72307331225774,43.980207588929524,-0.2571342766717848,-0.34696827470923514,0.7326848669967451,False
TIMO_RN50,Tip_Adapter_Custom_FSL1_RN50,2,F1_MACRO,43.72307331225774,0.04433150720077924,43.67874180505696,79.17726117231395,4.027349741486434e-14,True
TIMO_RN50,Tip_Adapter_Custom_FSL4_RN50,2,F1_MACRO,43.72307331225774,0.033069996051133685,43.69000331620661,79.2124016614716,4.087955050253629e-14,True
TIMO_RN50,Tip_Adapter_RN50,2,F1_MACRO,43.72307331225774,32.581819715473515,11.141253596784225,17.231783829170123,2.972566710087707e-11,True
TIMO_RN50,APE_Custom_FSL1_RN50,2,F1_MACRO,43.72307331225774,1.5136803146280107,42.20939299762973,61.51618159284969,5.185634869723146e-21,True
TIMO_RN50,APE_Custom_FSL4_RN50,2,F1_MACRO,43.72307331225774,1.708112273520016,42.014961038737724,60.590732188982905,3.9638885760938355e-21,True
TIMO_RN50,APE_RN50,2,F1_MACRO,43.72307331225774,42.37257063040732,1.350502681850422,1.621036670995793,0.12265841444534524,False
TIMO_RN50,GDA_CLIP_Custom_FSL1_RN50,2,F1_MACRO,43.72307331225774,19.40321935922265,24.31985395303509,28.176041332332154,5.673158101129106e-16,True
TIMO_RN50,GDA_CLIP_Custom_FSL4_RN50,2,F1_MACRO,43.72307331225774,24.216188732757036,19.506884579500703,21.90456768061167,6.151078532323429e-14,True
TIMO_RN50,GDA_CLIP_RN50,2,F1_MACRO,43.72307331225774,42.46836105001656,1.2547122622411777,1.5798641351702851,0.13157181305606652,False
TIMO_S_Custom_FSL1_RN50,TIMO_S_Custom_FSL4_RN50,2,F1_MACRO,12.442349091826644,13.921585784177694,-1.4792366923510496,-1.1222506857008772,0.277221396674795,False
TIMO_S_Custom_FSL1_RN50,TIMO_S_RN50,2,F1_MACRO,12.442349091826644,43.980207588929524,-31.53785849710288,-32.871043651206705,3.170078927873453e-15,True
TIMO_S_Custom_FSL1_RN50,Tip_Adapter_Custom_FSL1_RN50,2,F1_MACRO,12.442349091826644,0.04433150720077924,12.398017584625865,15.083209277841112,1.0695394648568668e-07,True
TIMO_S_Custom_FSL1_RN50,Tip_Adapter_Custom_FSL4_RN50,2,F1_MACRO,12.442349091826644,0.033069996051133685,12.40927909577551,15.098174080920202,1.064217500300052e-07,True
TIMO_S_Custom_FSL1_RN50,Tip_Adapter_RN50,2,F1_MACRO,12.442349091826644,32.581819715473515,-20.139470623646872,-22.668051511066736,3.455958378963559e-11,True
TIMO_S_Custom_FSL1_RN50,APE_Custom_FSL1_RN50,2,F1_MACRO,12.442349091826644,1.5136803146280107,10.928668777198634,11.90913900758919,1.9687324615359368e-08,True
TIMO_S_Custom_FSL1_RN50,APE_Custom_FSL4_RN50,2,F1_MACRO,12.442349091826644,1.708112273520016,10.734236818306629,11.628212294449229,2.2112412610969115e-08,True
TIMO_S_Custom_FSL1_RN50,APE_RN50,2,F1_MACRO,12.442349091826644,42.37257063040732,-29.930221538580675,-28.997177553659167,8.785937494837894e-16,True
TIMO_S_Custom_FSL1_RN50,GDA_CLIP_Custom_FSL1_RN50,2,F1_MACRO,12.442349091826644,19.40321935922265,-6.960870267396006,-6.588218440611233,4.294325367565682e-06,True
TIMO_S_Custom_FSL1_RN50,GDA_CLIP_Custom_FSL4_RN50,2,F1_MACRO,12.442349091826644,24.216188732757036,-11.773839640930392,-10.911169054518817,3.0218445177747947e-09,True
TIMO_S_Custom_FSL1_RN50,GDA_CLIP_RN50,2,F1_MACRO,12.442349091826644,42.46836105001656,-30.02601195818992,-29.99522128295634,1.5810845235597175e-15,True
TIMO_S_Custom_FSL4_RN50,TIMO_S_RN50,2,F1_MACRO,13.921585784177694,43.980207588929524,-30.05862180475183,-26.292921305422546,1.2821841343177137e-12,True
TIMO_S_Custom_FSL4_RN50,Tip_Adapter_Custom_FSL1_RN50,2,F1_MACRO,13.921585784177694,0.04433150720077924,13.877254276976915,13.465651336954489,2.860250569832736e-07,True
TIMO_S_Custom_FSL4_RN50,Tip_Adapter_Custom_FSL4_RN50,2,F1_MACRO,13.921585784177694,0.033069996051133685,13.88851578812656,13.477296736224549,2.845022997633224e-07,True
TIMO_S_Custom_FSL4_RN50,Tip_Adapter_RN50,2,F1_MACRO,13.921585784177694,32.581819715473515,-18.66023393129582,-17.208994885387163,2.979965624452408e-09,True
TIMO_S_Custom_FSL4_RN50,APE_Custom_FSL1_RN50,2,F1_MACRO,13.921585784177694,1.5136803146280107,12.407905469549682,11.194453736989423,1.2701798313424305e-07,True
TIMO_S_Custom_FSL4_RN50,APE_Custom_FSL4_RN50,2,F1_MACRO,13.921585784177694,1.708112273520016,12.213473510657678,10.974324734221236,1.3906012356900833e-07,True
TIMO_S_Custom_FSL4_RN50,APE_RN50,2,F1_MACRO,13.921585784177694,42.37257063040732,-28.450984846229623,-23.61248297631737,3.5760363953111725e-13,True
TIMO_S_Custom_FSL4_RN50,GDA_CLIP_Custom_FSL1_RN50,2,F1_MACRO,13.921585784177694,19.40321935922265,-5.481633575044956,-4.4716354032061405,0.00042289112271559474,True
TIMO_S_Custom_FSL4_RN50,GDA_CLIP_Custom_FSL4_RN50,2,F1_MACRO,13.921585784177694,24.216188732757036,-10.294602948579342,-8.266683863639278,3.889684804826312e-07,True
TIMO_S_Custom_FSL4_RN50,GDA_CLIP_RN50,2,F1_MACRO,13.921585784177694,42.46836105001656,-28.546775265838868,-24.226311465067283,7.266789960355918e-13,True
TIMO_S_RN50,Tip_Adapter_Custom_FSL1_RN50,2,F1_MACRO,43.980207588929524,0.04433150720077924,43.93587608172874,88.72515064794524,1.435682572033384e-14,True
TIMO_S_RN50,Tip_Adapter_Custom_FSL4_RN50,2,F1_MACRO,43.980207588929524,0.033069996051133685,43.94713759287839,88.76837428726317,1.4647641948667598e-14,True
TIMO_S_RN50,Tip_Adapter_RN50,2,F1_MACRO,43.980207588929524,32.581819715473515,11.39838787345601,19.025928302916878,2.3671195985760638e-12,True
TIMO_S_RN50,APE_Custom_FSL1_RN50,2,F1_MACRO,43.980207588929524,1.5136803146280107,42.46652727430151,66.18522570464555,2.5278387319334844e-22,True
TIMO_S_RN50,APE_Custom_FSL4_RN50,2,F1_MACRO,43.980207588929524,1.708112273520016,42.27209531540951,65.09394231885122,2.2936270339578384e-22,True
TIMO_S_RN50,APE_RN50,2,F1_MACRO,43.980207588929524,42.37257063040732,1.6076369585222068,2.0175044677583904,0.059609564320542964,False
TIMO_S_RN50,GDA_CLIP_Custom_FSL1_RN50,2,F1_MACRO,43.980207588929524,19.40321935922265,24.576988229706874,29.675568327236842,7.544371380292831e-16,True
TIMO_S_RN50,GDA_CLIP_Custom_FSL4_RN50,2,F1_MACRO,43.980207588929524,24.216188732757036,19.764018856172488,23.06972771464393,7.953696108878495e-14,True
TIMO_S_RN50,GDA_CLIP_RN50,2,F1_MACRO,43.980207588929524,42.46836105001656,1.5118465389129625,1.9996405151643528,0.06118055728691854,False
Tip_Adapter_Custom_FSL1_RN50,Tip_Adapter_Custom_FSL4_RN50,2,F1_MACRO,0.04433150720077924,0.033069996051133685,0.011261511149645555,0.7690655917632111,0.4545629847852033,False
Tip_Adapter_Custom_FSL1_RN50,Tip_Adapter_RN50,2,F1_MACRO,0.04433150720077924,32.581819715473515,-32.537488208272734,-96.35437391323404,6.5512845866201075e-15,True
Tip_Adapter_Custom_FSL1_RN50,APE_Custom_FSL1_RN50,2,F1_MACRO,0.04433150720077924,1.5136803146280107,-1.4693488074272314,-3.5976656067805766,0.005750841656747103,True
Tip_Adapter_Custom_FSL1_RN50,APE_Custom_FSL4_RN50,2,F1_MACRO,0.04433150720077924,1.708112273520016,-1.6637807663192368,-3.9564984635961475,0.003309716056707662,True
Tip_Adapter_Custom_FSL1_RN50,APE_RN50,2,F1_MACRO,0.04433150720077924,42.37257063040732,-42.32823912320654,-67.77295328858004,1.6410143789286338e-13,True
Tip_Adapter_Custom_FSL1_RN50,GDA_CLIP_Custom_FSL1_RN50,2,F1_MACRO,0.04433150720077924,19.40321935922265,-19.35888785202187,-29.15114399630171,3.1689766760007413e-10,True
Tip_Adapter_Custom_FSL1_RN50,GDA_CLIP_Custom_FSL4_RN50,2,F1_MACRO,0.04433150720077924,24.216188732757036,-24.171857225556256,-34.56431803355166,6.928466437324821e-11,True
Tip_Adapter_Custom_FSL1_RN50,GDA_CLIP_RN50,2,F1_MACRO,0.04433150720077924,42.46836105001656,-42.42402954281578,-74.21835876047174,7.220032550203727e-14,True
Tip_Adapter_Custom_FSL4_RN50,Tip_Adapter_RN50,2,F1_MACRO,0.033069996051133685,32.581819715473515,-32.54874971942238,-96.43557790220243,6.862874619841998e-15,True
Tip_Adapter_Custom_FSL4_RN50,APE_Custom_FSL1_RN50,2,F1_MACRO,0.033069996051133685,1.5136803146280107,-1.480610318576877,-3.62646929285659,0.00551031523376055,True
Tip_Adapter_Custom_FSL4_RN50,APE_Custom_FSL4_RN50,2,F1_MACRO,0.033069996051133685,1.708112273520016,-1.6750422774688825,-3.9845534525488366,0.0031801657330409543,True
Tip_Adapter_Custom_FSL4_RN50,APE_RN50,2,F1_MACRO,0.033069996051133685,42.37257063040732,-42.339500634356185,-67.800818305112,1.6579386434088288e-13,True
Tip_Adapter_Custom_FSL4_RN50,GDA_CLIP_Custom_FSL1_RN50,2,F1_MACRO,0.033069996051133685,19.40321935922265,-19.370149363171517,-29.171844274696987,3.175806479462283e-10,True
Tip_Adapter_Custom_FSL4_RN50,GDA_CLIP_Custom_FSL4_RN50,2,F1_MACRO,0.033069996051133685,24.216188732757036,-24.183118736705904,-34.58442213576554,6.950307778510913e-11,True
Tip_Adapter_Custom_FSL4_RN50,GDA_CLIP_RN50,2,F1_MACRO,0.033069996051133685,42.46836105001656,-42.43529105396543,-74.25091726671414,7.316571432630446e-14,True
Tip_Adapter_RN50,APE_Custom_FSL1_RN50,2,F1_MACRO,32.581819715473515,1.5136803146280107,31.068139400845503,58.660002533141004,1.97450632037043e-21,True
Tip_Adapter_RN50,APE_Custom_FSL4_RN50,2,F1_MACRO,32.581819715473515,1.708112273520016,30.8737074419535,57.2777498602656,4.475642831224916e-21,True
Tip_Adapter_RN50,APE_RN50,2,F1_MACRO,32.581819715473515,42.37257063040732,-9.790750914933803,-13.794188890601347,1.7687035032928073e-09,True
Tip_Adapter_RN50,GDA_CLIP_Custom_FSL1_RN50,2,F1_MACRO,32.581819715473515,19.40321935922265,13.178600356250865,17.694335276823253,1.1685338001489874e-10,True
Tip_Adapter_RN50,GDA_CLIP_Custom_FSL4_RN50,2,F1_MACRO,32.581819715473515,24.216188732757036,8.365630982716478,10.775173354024496,7.645901930024389e-08,True
Tip_Adapter_RN50,GDA_CLIP_RN50,2,F1_MACRO,32.581819715473515,42.46836105001656,-9.886541334543047,-14.897021938285919,3.1385087449299916e-10,True
APE_Custom_FSL1_RN50,APE_Custom_FSL4_RN50,2,F1_MACRO,1.5136803146280107,1.708112273520016,-0.19443195889200537,-0.331835299560088,0.7438494974735851,False
APE_Custom_FSL1_RN50,APE_RN50,2,F1_MACRO,1.5136803146280107,42.37257063040732,-40.858890315779306,-54.76887726603226,3.603626910663009e-19,True
APE_Custom_FSL1_RN50,GDA_CLIP_Custom_FSL1_RN50,2,F1_MACRO,1.5136803146280107,19.40321935922265,-17.88953904459464,-22.952510450106452,4.5283428401579485e-13,True
APE_Custom_FSL1_RN50,GDA_CLIP_Custom_FSL4_RN50,2,F1_MACRO,1.5136803146280107,24.216188732757036,-22.702508418129025,-28.039772844646514,4.8879415148943004e-14,True
APE_Custom_FSL1_RN50,GDA_CLIP_RN50,2,F1_MACRO,1.5136803146280107,42.46836105001656,-40.95468073538855,-58.315615425986,2.4116143061212472e-20,True
APE_Custom_FSL4_RN50,APE_RN50,2,F1_MACRO,1.708112273520016,42.37257063040732,-40.6644583568873,-54.02357447390918,2.5343416434383626e-19,True
APE_Custom_FSL4_RN50,GDA_CLIP_Custom_FSL1_RN50,2,F1_MACRO,1.708112273520016,19.40321935922265,-17.695107085702634,-22.51789996832998,4.2351152194266715e-13,True
APE_Custom_FSL4_RN50,GDA_CLIP_Custom_FSL4_RN50,2,F1_MACRO,1.708112273520016,24.216188732757036,-22.50807645923702,-27.589344723310727,4.1600458740181523e-14,True
APE_Custom_FSL4_RN50,GDA_CLIP_RN50,2,F1_MACRO,1.708112273520016,42.46836105001656,-40.760248776496546,-57.45741368890192,1.7923143104569058e-20,True
APE_RN50,GDA_CLIP_Custom_FSL1_RN50,2,F1_MACRO,42.37257063040732,19.40321935922265,22.969351271184667,25.20063172479081,1.886548363506242e-15,True
APE_RN50,GDA_CLIP_Custom_FSL4_RN50,2,F1_MACRO,42.37257063040732,24.216188732757036,18.15638189765028,19.367877728148983,2.1443462894431078e-13,True
APE_RN50,GDA_CLIP_RN50,2,F1_MACRO,42.37257063040732,42.46836105001656,-0.09579041960924428,-0.11316658169111367,0.911160800798208,False
GDA_CLIP_Custom_FSL1_RN50,GDA_CLIP_Custom_FSL4_RN50,2,F1_MACRO,19.40321935922265,24.216188732757036,-4.812969373534386,-4.9914990458666235,9.529359546823296e-05,True
GDA_CLIP_Custom_FSL1_RN50,GDA_CLIP_RN50,2,F1_MACRO,19.40321935922265,42.46836105001656,-23.06514169079391,-26.329268569636596,1.3712299441932742e-15,True
GDA_CLIP_Custom_FSL4_RN50,GDA_CLIP_RN50,2,F1_MACRO,24.216188732757036,42.46836105001656,-18.252172317259525,-20.212013407328214,1.753774298827131e-13,True
TIMO_Custom_FSL1_RN50,TIMO_Custom_FSL4_RN50,4,ACC,21.773700305810397,23.425076452599388,-1.6513761467889907,-1.3379750944402622,0.19776596613633357,False
TIMO_Custom_FSL1_RN50,TIMO_RN50,4,ACC,21.773700305810397,56.48318042813455,-34.70948012232415,-32.52904291302553,5.1562152673794846e-17,True
TIMO_Custom_FSL1_RN50,TIMO_S_Custom_FSL1_RN50,4,ACC,21.773700305810397,23.241590214067276,-1.467889908256879,-1.3049989804699436,0.20841063027004766,False
TIMO_Custom_FSL1_RN50,TIMO_S_Custom_FSL4_RN50,4,ACC,21.773700305810397,26.36085626911315,-4.587155963302752,-3.5923063340073016,0.0021615551700908827,True
TIMO_Custom_FSL1_RN50,TIMO_S_RN50,4,ACC,21.773700305810397,57.27828746177371,-35.50458715596331,-37.2625272468256,8.357868651274705e-16,True
TIMO_Custom_FSL1_RN50,Tip_Adapter_Custom_FSL1_RN50,4,ACC,21.773700305810397,1.3761467889908257,20.39755351681957,23.547695766329557,1.0326408449126348e-10,True
TIMO_Custom_FSL1_RN50,Tip_Adapter_Custom_FSL4_RN50,4,ACC,21.773700305810397,1.2844036697247705,20.489296636085626,24.681627788733238,8.277471887442675e-10,True
TIMO_Custom_FSL1_RN50,Tip_Adapter_RN50,4,ACC,21.773700305810397,44.95412844036697,-23.180428134556575,-26.125852906152527,7.629283338968217e-12,True
TIMO_Custom_FSL1_RN50,APE_Custom_FSL1_RN50,4,ACC,21.773700305810397,4.617737003058104,17.155963302752294,19.025756881662502,1.36811233585571e-10,True
TIMO_Custom_FSL1_RN50,APE_Custom_FSL4_RN50,4,ACC,21.773700305810397,5.290519877675841,16.483180428134556,15.576184346303043,1.3572069112538431e-11,True
TIMO_Custom_FSL1_RN50,APE_RN50,4,ACC,21.773700305810397,53.883792048929664,-32.11009174311927,-34.10241462923565,6.138188982810299e-15,True
TIMO_Custom_FSL1_RN50,GDA_CLIP_Custom_FSL1_RN50,4,ACC,21.773700305810397,27.15596330275229,-5.382262996941893,-5.346715505243521,6.318992004383504e-05,True
TIMO_Custom_FSL1_RN50,GDA_CLIP_Custom_FSL4_RN50,4,ACC,21.773700305810397,35.16819571865443,-13.394495412844034,-13.195538136215454,3.780380700082291e-10,True
TIMO_Custom_FSL1_RN50,GDA_CLIP_RN50,4,ACC,21.773700305810397,55.535168195718654,-33.76146788990826,-30.386599917487565,8.245540931143711e-17,True
TIMO_Custom_FSL4_RN50,TIMO_RN50,4,ACC,23.425076452599388,56.48318042813455,-33.05810397553516,-28.908152608679817,1.3020395632391629e-15,True
TIMO_Custom_FSL4_RN50,TIMO_S_Custom_FSL1_RN50,4,ACC,23.425076452599388,23.241590214067276,0.18348623853211166,0.15320397367084526,0.8799965768184284,False
TIMO_Custom_FSL4_RN50,TIMO_S_Custom_FSL4_RN50,4,ACC,23.425076452599388,26.36085626911315,-2.9357798165137616,-2.1883588713128335,0.04212199979015471,True
TIMO_Custom_FSL4_RN50,TIMO_S_RN50,4,ACC,23.425076452599388,57.27828746177371,-33.853211009174316,-32.62001995525649,2.7541235179980077e-14,True
TIMO_Custom_FSL4_RN50,Tip_Adapter_Custom_FSL1_RN50,4,ACC,23.425076452599388,1.3761467889908257,22.04892966360856,22.99372970683893,2.362066841345979e-10,True
TIMO_Custom_FSL4_RN50,Tip_Adapter_Custom_FSL4_RN50,4,ACC,23.425076452599388,1.2844036697247705,22.140672782874617,23.898453453766415,1.2352564973723014e-09,True
TIMO_Custom_FSL4_RN50,Tip_Adapter_RN50,4,ACC,23.425076452599388,44.95412844036697,-21.529051987767584,-22.014336919084393,1.2258345499675147e-10,True
TIMO_Custom_FSL4_RN50,APE_Custom_FSL1_RN50,4,ACC,23.425076452599388,4.617737003058104,18.807339449541285,18.976300173217197,3.2365582827779594e-10,True
TIMO_Custom_FSL4_RN50,APE_Custom_FSL4_RN50,4,ACC,23.425076452599388,5.290519877675841,18.134556574923547,15.972671643140629,2.0277102657800358e-11,True
TIMO_Custom_FSL4_RN50,APE_RN50,4,ACC,23.425076452599388,53.883792048929664,-30.458715596330276,-29.643790761450564,1.8231957457929698e-13,True
TIMO_Custom_FSL4_RN50,GDA_CLIP_Custom_FSL1_RN50,4,ACC,23.425076452599388,27.15596330275229,-3.7308868501529027,-3.4309149660686216,0.0036603046228110264,True
TIMO_Custom_FSL4_RN50,GDA_CLIP_Custom_FSL4_RN50,4,ACC,23.425076452599388,35.16819571865443,-11.743119266055043,-10.721963391119132,1.522685729498907e-08,True
TIMO_Custom_FSL4_RN50,GDA_CLIP_RN50,4,ACC,23.425076452599388,55.535168195718654,-32.11009174311927,-27.102854137499587,1.3524072748411423e-15,True
TIMO_RN50,TIMO_S_Custom_FSL1_RN50,4,ACC,56.48318042813455,23.241590214067276,33.24159021406727,32.4465565473292,3.0144705377155266e-17,True
TIMO_RN50,TIMO_S_Custom_FSL4_RN50,4,ACC,56.48318042813455,26.36085626911315,30.122324159021403,25.323093963906246,2.2568053919120103e-14,True
TIMO_RN50,TIMO_S_RN50,4,ACC,56.48318042813455,57.27828746177371,-0.7951070336391552,-0.955635530674361,0.3532997935940565,False
TIMO_RN50,Tip_Adapter_Custom_FSL1_RN50,4,ACC,56.48318042813455,1.3761467889908257,55.10703363914373,75.36004522712471,3.469867177678967e-17,True
TIMO_RN50,Tip_Adapter_Custom_FSL4_RN50,4,ACC,56.48318042813455,1.2844036697247705,55.198776758409785,80.2156203852179,9.759692969156604e-15,True
TIMO_RN50,Tip_Adapter_RN50,4,ACC,56.48318042813455,44.95412844036697,11.52905198776758,15.24901467786364,1.0539057173666448e-09,True
TIMO_RN50,APE_Custom_FSL1_RN50,4,ACC,56.48318042813455,4.617737003058104,51.86544342507645,67.09855697275529,7.6930361232006675e-19,True
TIMO_RN50,APE_Custom_FSL4_RN50,4,ACC,56.48318042813455,5.290519877675841,51.19266055045871,53.83530388917914,2.4573193607376254e-21,True
TIMO_RN50,APE_RN50,4,ACC,56.48318042813455,53.883792048929664,2.599388379204889,3.173399779535467,0.005982620875955755,True
TIMO_RN50,GDA_CLIP_Custom_FSL1_RN50,4,ACC,56.48318042813455,27.15596330275229,29.327217125382262,32.83553460722934,3.23564213777409e-17,True
TIMO_RN50,GDA_CLIP_Custom_FSL4_RN50,4,ACC,56.48318042813455,35.16819571865443,21.31498470948012,23.613931869652696,8.014030883003378e-15,True
TIMO_RN50,GDA_CLIP_RN50,4,ACC,56.48318042813455,55.535168195718654,0.9480122324158984,0.939202304561384,0.36016887299178435,False
TIMO_S_Custom_FSL1_RN50,TIMO_S_Custom_FSL4_RN50,4,ACC,23.241590214067276,26.36085626911315,-3.1192660550458733,-2.5122509212440267,0.02235048318391574,True
TIMO_S_Custom_FSL1_RN50,TIMO_S_RN50,4,ACC,23.241590214067276,57.27828746177371,-34.03669724770643,-37.61194178990844,2.3442167385004784e-16,True
TIMO_S_Custom_FSL1_RN50,Tip_Adapter_Custom_FSL1_RN50,4,ACC,23.241590214067276,1.3761467889908257,21.86544342507645,26.88611751450788,1.5575349642941705e-11,True
TIMO_S_Custom_FSL1_RN50,Tip_Adapter_Custom_FSL4_RN50,4,ACC,23.241590214067276,1.2844036697247705,21.957186544342505,28.342105263157887,2.1245320579351104e-10,True
TIMO_S_Custom_FSL1_RN50,Tip_Adapter_RN50,4,ACC,23.241590214067276,44.95412844036697,-21.712538226299696,-25.983339442254696,4.312720270619949e-12,True
TIMO_S_Custom_FSL1_RN50,APE_Custom_FSL1_RN50,4,ACC,23.241590214067276,4.617737003058104,18.623853211009173,21.88534086187718,1.2985674073477525e-11,True
TIMO_S_Custom_FSL1_RN50,APE_Custom_FSL4_RN50,4,ACC,23.241590214067276,5.290519877675841,17.951070336391435,17.679974372182443,1.1414998548246917e-12,True
TIMO_S_Custom_FSL1_RN50,APE_RN50,4,ACC,23.241590214067276,53.883792048929664,-30.642201834862387,-34.31006123924513,1.952827762679042e-15,True
TIMO_S_Custom_FSL1_RN50,GDA_CLIP_Custom_FSL1_RN50,4,ACC,23.241590214067276,27.15596330275229,-3.9143730886850143,-4.071306862463859,0.000815841961880109,True
TIMO_S_Custom_FSL1_RN50,GDA_CLIP_Custom_FSL4_RN50,4,ACC,23.241590214067276,35.16819571865443,-11.926605504587155,-12.291977677810358,7.238944772499629e-10,True
TIMO_S_Custom_FSL1_RN50,GDA_CLIP_RN50,4,ACC,23.241590214067276,55.535168195718654,-32.29357798165138,-30.172796983274598,7.386461262950551e-17,True
TIMO_S_Custom_FSL4_RN50,TIMO_S_RN50,4,ACC,26.36085626911315,57.27828746177371,-30.91743119266056,-28.410386119939925,3.621209207025129e-13,True
TIMO_S_Custom_FSL4_RN50,Tip_Adapter_Custom_FSL1_RN50,4,ACC,26.36085626911315,1.3761467889908257,24.984709480122323,24.657149116029377,1.5052039639660315e-10,True
TIMO_S_Custom_FSL4_RN50,Tip_Adapter_Custom_FSL4_RN50,4,ACC,26.36085626911315,1.2844036697247705,25.07645259938838,25.519990391840977,7.122441717279238e-10,True
TIMO_S_Custom_FSL4_RN50,Tip_Adapter_RN50,4,ACC,26.36085626911315,44.95412844036697,-18.593272171253822,-18.028504199119762,1.5188292545710224e-09,True
TIMO_S_Custom_FSL4_RN50,APE_Custom_FSL1_RN50,4,ACC,26.36085626911315,4.617737003058104,21.743119266055047,20.830833040236648,1.681190937739806e-10,True
TIMO_S_Custom_FSL4_RN50,APE_Custom_FSL4_RN50,4,ACC,26.36085626911315,5.290519877675841,21.07033639143731,17.831559129943983,6.3649955881815345e-12,True
TIMO_S_Custom_FSL4_RN50,APE_RN50,4,ACC,26.36085626911315,53.883792048929664,-27.522935779816514,-25.521718455813534,2.4279960955172327e-12,True
TIMO_S_Custom_FSL4_RN50,GDA_CLIP_Custom_FSL1_RN50,4,ACC,26.36085626911315,27.15596330275229,-0.795107033639141,-0.7001219911195758,0.4948231745729187,False
TIMO_S_Custom_FSL4_RN50,GDA_CLIP_Custom_FSL4_RN50,4,ACC,26.36085626911315,35.16819571865443,-8.807339449541281,-7.704464850069354,1.446269308735116e-06,True
TIMO_S_Custom_FSL4_RN50,GDA_CLIP_RN50,4,ACC,26.36085626911315,55.535168195718654,-29.174311926605505,-23.734901086239862,2.2042763335516725e-14,True
TIMO_S_RN50,Tip_Adapter_Custom_FSL1_RN50,4,ACC,57.27828746177371,1.3761467889908257,55.902140672782885,101.38186711724003,1.0526051900573016e-21,True
TIMO_S_RN50,Tip_Adapter_Custom_FSL4_RN50,4,ACC,57.27828746177371,1.2844036697247705,55.99388379204894,113.62666047965446,8.311467441013365e-17,True
TIMO_S_RN50,Tip_Adapter_RN50,4,ACC,57.27828746177371,44.95412844036697,12.324159021406736,21.10683842897679,4.179407092706114e-13,True
TIMO_S_RN50,APE_Custom_FSL1_RN50,4,ACC,57.27828746177371,4.617737003058104,52.660550458715605,86.94949203017778,8.04151060922962e-24,True
TIMO_S_RN50,APE_Custom_FSL4_RN50,4,ACC,57.27828746177371,5.290519877675841,51.98776758409787,63.34548457891932,5.1256108809099184e-21,True
TIMO_S_RN50,APE_RN50,4,ACC,57.27828746177371,53.883792048929664,3.3944954128440443,5.11581700881585,7.282020886535459e-05,True
TIMO_S_RN50,GDA_CLIP_Custom_FSL1_RN50,4,ACC,57.27828746177371,27.15596330275229,30.122324159021417,40.00188972996295,1.4280198747708384e-18,True
TIMO_S_RN50,GDA_CLIP_Custom_FSL4_RN50,4,ACC,57.27828746177371,35.16819571865443,22.110091743119277,28.930288154007435,4.669743557324272e-16,True
TIMO_S_RN50,GDA_CLIP_RN50,4,ACC,57.27828746177371,55.535168195718654,1.7431192660550536,1.9634430899070958,0.06795949810927526,False
Tip_Adapter_Custom_FSL1_RN50,Tip_Adapter_Custom_FSL4_RN50,4,ACC,1.3761467889908257,1.2844036697247705,0.09174311926605516,0.3141021657418996,0.7588890514547664,False
Tip_Adapter_Custom_FSL1_RN50,Tip_Adapter_RN50,4,ACC,1.3761467889908257,44.95412844036697,-43.57798165137615,-101.75687572038531,1.773325966539783e-25,True
Tip_Adapter_Custom_FSL1_RN50,APE_Custom_FSL1_RN50,4,ACC,1.3761467889908257,4.617737003058104,-3.241590214067278,-7.085938633363223,2.154459396124325e-06,True
Tip_Adapter_Custom_FSL1_RN50,APE_Custom_FSL4_RN50,4,ACC,1.3761467889908257,5.290519877675841,-3.914373088685015,-5.44913875484493,0.00015236603161847734,True
Tip_Adapter_Custom_FSL1_RN50,APE_RN50,4,ACC,1.3761467889908257,53.883792048929664,-52.50764525993884,-98.74776594405358,4.753091065649645e-22,True
Tip_Adapter_Custom_FSL1_RN50,GDA_CLIP_Custom_FSL1_RN50,4,ACC,1.3761467889908257,27.15596330275229,-25.779816513761464,-40.28520814682022,8.087055491022496e-15,True
Tip_Adapter_Custom_FSL1_RN50,GDA_CLIP_Custom_FSL4_RN50,4,ACC,1.3761467889908257,35.16819571865443,-33.79204892966361,-51.74006285993772,4.898360697734552e-16,True
Tip_Adapter_Custom_FSL1_RN50,GDA_CLIP_RN50,4,ACC,1.3761467889908257,55.535168195718654,-54.15902140672783,-68.19950887198985,3.6313596254077726e-16,True
Tip_Adapter_Custom_FSL4_RN50,Tip_Adapter_RN50,4,ACC,1.2844036697247705,44.95412844036697,-43.669724770642205,-124.92397688194212,1.2827413659471058e-18,True
Tip_Adapter_Custom_FSL4_RN50,APE_Custom_FSL1_RN50,4,ACC,1.2844036697247705,4.617737003058104,-3.3333333333333335,-8.662441615205388,3.97048741912832e-06,True
Tip_Adapter_Custom_FSL4_RN50,APE_Custom_FSL4_RN50,4,ACC,1.2844036697247705,5.290519877675841,-4.00611620795107,-5.940243900808841,0.00017654355595071483,True
Tip_Adapter_Custom_FSL4_RN50,APE_RN50,4,ACC,1.2844036697247705,53.883792048929664,-52.599388379204896,-111.75220511064636,7.299470037462819e-17,True
Tip_Adapter_Custom_FSL4_RN50,GDA_CLIP_Custom_FSL1_RN50,4,ACC,1.2844036697247705,27.15596330275229,-25.87155963302752,-43.83687759990246,1.9988585597953757e-12,True
Tip_Adapter_Custom_FSL4_RN50,GDA_CLIP_Custom_FSL4_RN50,4,ACC,1.2844036697247705,35.16819571865443,-33.883792048929664,-56.057868686190965,2.0297774815751524e-13,True
Tip_Adapter_Custom_FSL4_RN50,GDA_CLIP_RN50,4,ACC,1.2844036697247705,55.535168195718654,-54.25076452599389,-71.8926663468017,3.421123194364143e-14,True
Tip_Adapter_RN50,APE_Custom_FSL1_RN50,4,ACC,44.95412844036697,4.617737003058104,40.33639143730887,81.29868480039747,2.4346196249210605e-24,True
Tip_Adapter_RN50,APE_Custom_FSL4_RN50,4,ACC,44.95412844036697,5.290519877675841,39.66360856269113,53.34142349997392,8.003299241086527e-17,True
Tip_Adapter_RN50,APE_RN50,4,ACC,44.95412844036697,53.883792048929664,-8.929663608562691,-15.79468396684417,2.363782984986295e-11,True
Tip_Adapter_RN50,GDA_CLIP_Custom_FSL1_RN50,4,ACC,44.95412844036697,27.15596330275229,17.79816513761468,26.63864332948948,1.3126189774152392e-13,True
Tip_Adapter_RN50,GDA_CLIP_Custom_FSL4_RN50,4,ACC,44.95412844036697,35.16819571865443,9.785932721712541,14.374865957651528,8.014109672185133e-10,True
Tip_Adapter_RN50,GDA_CLIP_RN50,4,ACC,44.95412844036697,55.535168195718654,-10.581039755351682,-12.950740084729393,1.3972029615632055e-08,True
APE_Custom_FSL1_RN50,APE_Custom_FSL4_RN50,4,ACC,4.617737003058104,5.290519877675841,-0.6727828746177371,-0.8843340311418236,0.3913954245047436,False
APE_Custom_FSL1_RN50,APE_RN50,4,ACC,4.617737003058104,53.883792048929664,-49.26605504587156,-83.81484965420152,6.167055118752762e-24,True
APE_Custom_FSL1_RN50,GDA_CLIP_Custom_FSL1_RN50,4,ACC,4.617737003058104,27.15596330275229,-22.538226299694188,-32.79606955441187,1.445758785995139e-15,True
APE_Custom_FSL1_RN50,GDA_CLIP_Custom_FSL4_RN50,4,ACC,4.617737003058104,35.16819571865443,-30.550458715596328,-43.67394247398633,2.950062895763251e-17,True
APE_Custom_FSL1_RN50,GDA_CLIP_RN50,4,ACC,4.617737003058104,55.535168195718654,-50.91743119266055,-61.146968410882394,1.5680483662022644e-17,True
APE_Custom_FSL4_RN50,APE_RN50,4,ACC,5.290519877675841,53.883792048929664,-48.59327217125382,-60.16848655182044,3.034218467094455e-20,True
APE_Custom_FSL4_RN50,GDA_CLIP_Custom_FSL1_RN50,4,ACC,5.290519877675841,27.15596330275229,-21.86544342507645,-24.77328170013972,3.602575271945141e-15,True
APE_Custom_FSL4_RN50,GDA_CLIP_Custom_FSL4_RN50,4,ACC,5.290519877675841,35.16819571865443,-29.87767584097859,-33.486756739180045,1.6444583574555048e-17,True
APE_Custom_FSL4_RN50,GDA_CLIP_RN50,4,ACC,5.290519877675841,55.535168195718654,-50.24464831804281,-50.241020131921125,1.3300128218778308e-20,True
APE_RN50,GDA_CLIP_Custom_FSL1_RN50,4,ACC,53.883792048929664,27.15596330275229,26.727828746177373,36.18014713152081,1.385814164977186e-17,True
APE_RN50,GDA_CLIP_Custom_FSL4_RN50,4,ACC,53.883792048929664,35.16819571865443,18.715596330275233,24.947862916617787,9.04089971886664e-15,True
APE_RN50,GDA_CLIP_RN50,4,ACC,53.883792048929664,55.535168195718654,-1.6513761467889907,-1.8857617985778616,0.07893971023804458,False
GDA_CLIP_Custom_FSL1_RN50,GDA_CLIP_Custom_FSL4_RN50,4,ACC,27.15596330275229,35.16819571865443,-8.01223241590214,-9.648712307155646,1.552768216729112e-08,True
GDA_CLIP_Custom_FSL1_RN50,GDA_CLIP_RN50,4,ACC,27.15596330275229,55.535168195718654,-28.379204892966364,-30.020644059837256,3.830730126639447e-16,True
GDA_CLIP_Custom_FSL4_RN50,GDA_CLIP_RN50,4,ACC,35.16819571865443,55.535168195718654,-20.366972477064223,-21.342451316713806,8.727796571371644e-14,True
TIMO_Custom_FSL1_RN50,TIMO_Custom_FSL4_RN50,4,F1_MACRO,19.75200279703956,22.130629786879787,-2.378626989840228,-1.8916412482293121,0.0753461078717893,False
TIMO_Custom_FSL1_RN50,TIMO_RN50,4,F1_MACRO,19.75200279703956,53.95745567427069,-34.20545287723113,-31.440529129165288,4.153168858614973e-17,True
TIMO_Custom_FSL1_RN50,TIMO_S_Custom_FSL1_RN50,4,F1_MACRO,19.75200279703956,21.193682185869687,-1.4416793888301278,-1.2714227555937505,0.21976311751678423,False
TIMO_Custom_FSL1_RN50,TIMO_S_Custom_FSL4_RN50,4,F1_MACRO,19.75200279703956,25.266086922336918,-5.514084125297359,-4.318175855750027,0.0004556178644048287,True
TIMO_Custom_FSL1_RN50,TIMO_S_RN50,4,F1_MACRO,19.75200279703956,54.54884865270894,-34.79684585566938,-33.07375613083645,2.7698303203364976e-17,True
TIMO_Custom_FSL1_RN50,Tip_Adapter_Custom_FSL1_RN50,4,F1_MACRO,19.75200279703956,0.0784296372394977,19.67357315980006,24.591394317101116,1.3476125386157465e-09,True
TIMO_Custom_FSL1_RN50,Tip_Adapter_Custom_FSL4_RN50,4,F1_MACRO,19.75200279703956,0.04366957183148162,19.708333225208076,24.661826432844116,1.4032259887009898e-09,True
TIMO_Custom_FSL1_RN50,Tip_Adapter_RN50,4,F1_MACRO,19.75200279703956,37.18713264738134,-17.43512985034178,-20.087580684973837,1.1010128168914539e-10,True
TIMO_Custom_FSL1_RN50,APE_Custom_FSL1_RN50,4,F1_MACRO,19.75200279703956,2.1690198995893466,17.58298289745021,20.942437233610985,3.994563562420219e-10,True
TIMO_Custom_FSL1_RN50,APE_Custom_FSL4_RN50,4,F1_MACRO,19.75200279703956,2.624074674171287,17.127928122868273,17.837605876421275,7.828790858525027e-12,True
TIMO_Custom_FSL1_RN50,APE_RN50,4,F1_MACRO,19.75200279703956,49.72670853363388,-29.974705736594323,-30.96893143947387,1.2078655254366474e-15,True
TIMO_Custom_FSL1_RN50,GDA_CLIP_Custom_FSL1_RN50,4,F1_MACRO,19.75200279703956,25.483210417033945,-5.731207619994386,-5.799627986748505,2.4325264402637183e-05,True
TIMO_Custom_FSL1_RN50,GDA_CLIP_Custom_FSL4_RN50,4,F1_MACRO,19.75200279703956,33.741083535201184,-13.989080738161626,-13.945721661870962,1.1677124057880737e-10,True
TIMO_Custom_FSL1_RN50,GDA_CLIP_RN50,4,F1_MACRO,19.75200279703956,52.661093502086146,-32.90909070504659,-29.231665278350828,1.2693293910917738e-16,True
TIMO_Custom_FSL4_RN50,TIMO_RN50,4,F1_MACRO,22.130629786879787,53.95745567427069,-31.826825887390903,-26.09069383403434,4.939912075441021e-15,True
TIMO_Custom_FSL4_RN50,TIMO_S_Custom_FSL1_RN50,4,F1_MACRO,22.130629786879787,21.193682185869687,0.9369476010101003,0.7430059864000681,0.4673922493658972,False
TIMO_Custom_FSL4_RN50,TIMO_S_Custom_FSL4_RN50,4,F1_MACRO,22.130629786879787,25.266086922336918,-3.1354571354571306,-2.254021164248027,0.036904572014834026,True
TIMO_Custom_FSL4_RN50,TIMO_S_RN50,4,F1_MACRO,22.130629786879787,54.54884865270894,-32.418218865829154,-27.28812780981734,5.887375613002137e-15,True
TIMO_Custom_FSL4_RN50,Tip_Adapter_Custom_FSL1_RN50,4,F1_MACRO,22.130629786879787,0.0784296372394977,22.05220014964029,22.69138747282773,2.8273163444883887e-09,True
TIMO_Custom_FSL4_RN50,Tip_Adapter_Custom_FSL4_RN50,4,F1_MACRO,22.130629786879787,0.04366957183148162,22.086960215048304,22.744015728792192,2.89016575167581e-09,True
TIMO_Custom_FSL4_RN50,Tip_Adapter_RN50,4,F1_MACRO,22.130629786879787,37.18713264738134,-15.056502860501553,-14.639552613348071,1.2357855637489323e-08,True
TIMO_Custom_FSL4_RN50,APE_Custom_FSL1_RN50,4,F1_MACRO,22.130629786879787,2.1690198995893466,19.96160988729044,19.86912204520218,1.580107693788199e-09,True
TIMO_Custom_FSL4_RN50,APE_Custom_FSL4_RN50,4,F1_MACRO,22.130629786879787,2.624074674171287,19.5065551127085,17.613990122968726,6.20674006198798e-11,True
TIMO_Custom_FSL4_RN50,APE_RN50,4,F1_MACRO,22.130629786879787,49.72670853363388,-27.596078746754095,-24.769538977782634,4.493443993975179e-13,True
TIMO_Custom_FSL4_RN50,GDA_CLIP_Custom_FSL1_RN50,4,F1_MACRO,22.130629786879787,25.483210417033945,-3.352580630154158,-2.9621676501214544,0.009849767251300722,True
TIMO_Custom_FSL4_RN50,GDA_CLIP_Custom_FSL4_RN50,4,F1_MACRO,22.130629786879787,33.741083535201184,-11.610453748321397,-10.141568611346413,3.913130451906781e-08,True
TIMO_Custom_FSL4_RN50,GDA_CLIP_RN50,4,F1_MACRO,22.130629786879787,52.661093502086146,-30.53046371520636,-24.351556011373095,7.769691227702899e-15,True
TIMO_RN50,TIMO_S_Custom_FSL1_RN50,4,F1_MACRO,53.95745567427069,21.193682185869687,32.763773488401,30.00126886051104,9.756406565480785e-17,True
TIMO_RN50,TIMO_S_Custom_FSL4_RN50,4,F1_MACRO,53.95745567427069,25.266086922336918,28.691368751933773,23.139101394363607,4.586778365550262e-14,True
TIMO_RN50,TIMO_S_RN50,4,F1_MACRO,53.95745567427069,54.54884865270894,-0.5913929784382503,-0.5873552063025157,0.5643024201268856,False
TIMO_RN50,Tip_Adapter_Custom_FSL1_RN50,4,F1_MACRO,53.95745567427069,0.0784296372394977,53.879026037031196,72.85507693417787,7.521329216728568e-14,True
TIMO_RN50,Tip_Adapter_Custom_FSL4_RN50,4,F1_MACRO,53.95745567427069,0.04366957183148162,53.91378610243921,72.99555171068585,8.390691663847488e-14,True
TIMO_RN50,Tip_Adapter_RN50,4,F1_MACRO,53.95745567427069,37.18713264738134,16.77032302688935,20.63920901572833,4.133909184697105e-11,True
TIMO_RN50,APE_Custom_FSL1_RN50,4,F1_MACRO,53.95745567427069,2.1690198995893466,51.788435774681346,66.21120465297173,7.625039868414979e-16,True
TIMO_RN50,APE_Custom_FSL4_RN50,4,F1_MACRO,53.95745567427069,2.624074674171287,51.3333810000994,56.38317791146487,3.4847971557508825e-20,True
TIMO_RN50,APE_RN50,4,F1_MACRO,53.95745567427069,49.72670853363388,4.230747140636808,4.605968914086307,0.0002676357682373505,True
TIMO_RN50,GDA_CLIP_Custom_FSL1_RN50,4,F1_MACRO,53.95745567427069,25.483210417033945,28.474245257236745,30.29467069549278,2.8177252745657797e-16,True
TIMO_RN50,GDA_CLIP_Custom_FSL4_RN50,4,F1_MACRO,53.95745567427069,33.741083535201184,20.216372139069506,21.156358925043584,7.889601177782962e-14,True
TIMO_RN50,GDA_CLIP_RN50,4,F1_MACRO,53.95745567427069,52.661093502086146,1.2963621721845442,1.196282212367123,0.24718493367776972,False
TIMO_S_Custom_FSL1_RN50,TIMO_S_Custom_FSL4_RN50,4,F1_MACRO,21.193682185869687,25.266086922336918,-4.072404736467231,-3.180385763336587,0.005400355178922899,True
TIMO_S_Custom_FSL1_RN50,TIMO_S_RN50,4,F1_MACRO,21.193682185869687,54.54884865270894,-33.35516646683925,-31.57505864841666,6.547219136594713e-17,True
TIMO_S_Custom_FSL1_RN50,Tip_Adapter_Custom_FSL1_RN50,4,F1_MACRO,21.193682185869687,0.0784296372394977,21.11525254863019,26.20938415399107,7.635705608062373e-10,True
TIMO_S_Custom_FSL1_RN50,Tip_Adapter_Custom_FSL4_RN50,4,F1_MACRO,21.193682185869687,0.04366957183148162,21.150012614038204,26.280884819958835,7.972042829485029e-10,True
TIMO_S_Custom_FSL1_RN50,Tip_Adapter_RN50,4,F1_MACRO,21.193682185869687,37.18713264738134,-15.993450461511653,-18.31722638697844,3.433751803051036e-10,True
TIMO_S_Custom_FSL1_RN50,APE_Custom_FSL1_RN50,4,F1_MACRO,21.193682185869687,2.1690198995893466,19.02466228628034,22.515946473457745,1.920207953221107e-10,True
TIMO_S_Custom_FSL1_RN50,APE_Custom_FSL4_RN50,4,F1_MACRO,21.193682185869687,2.624074674171287,18.5696075116984,19.245097619687108,2.687520539830376e-12,True
TIMO_S_Custom_FSL1_RN50,APE_RN50,4,F1_MACRO,21.193682185869687,49.72670853363388,-28.533026347764196,-29.338510325964734,3.0996765456630405e-15,True
TIMO_S_Custom_FSL1_RN50,GDA_CLIP_Custom_FSL1_RN50,4,F1_MACRO,21.193682185869687,25.483210417033945,-4.289528231164258,-4.3208253859429595,0.0005011197770045897,True
TIMO_S_Custom_FSL1_RN50,GDA_CLIP_Custom_FSL4_RN50,4,F1_MACRO,21.193682185869687,33.741083535201184,-12.547401349331498,-12.45281222834911,6.941764716842896e-10,True
TIMO_S_Custom_FSL1_RN50,GDA_CLIP_RN50,4,F1_MACRO,21.193682185869687,52.661093502086146,-31.46741131621646,-27.852138567428412,2.988116917068147e-16,True
TIMO_S_Custom_FSL4_RN50,TIMO_S_RN50,4,F1_MACRO,25.266086922336918,54.54884865270894,-29.282761730372023,-24.22815759737581,5.225449207470656e-14,True
TIMO_S_Custom_FSL4_RN50,Tip_Adapter_Custom_FSL1_RN50,4,F1_MACRO,25.266086922336918,0.0784296372394977,25.18765728509742,25.264914175938657,1.0891848794422464e-09,True
TIMO_S_Custom_FSL4_RN50,Tip_Adapter_Custom_FSL4_RN50,4,F1_MACRO,25.266086922336918,0.04366957183148162,25.222417350505435,25.317615490971686,1.1162284648931343e-09,True
TIMO_S_Custom_FSL4_RN50,Tip_Adapter_RN50,4,F1_MACRO,25.266086922336918,37.18713264738134,-11.921045725044422,-11.329198294995162,1.995435710486926e-07,True
TIMO_S_Custom_FSL4_RN50,APE_Custom_FSL1_RN50,4,F1_MACRO,25.266086922336918,2.1690198995893466,23.09706702274757,22.446893098044008,5.095814200000525e-10,True
TIMO_S_Custom_FSL4_RN50,APE_Custom_FSL4_RN50,4,F1_MACRO,25.266086922336918,2.624074674171287,22.64201224816563,20.045220149999746,1.413299072165068e-11,True
TIMO_S_Custom_FSL4_RN50,APE_RN50,4,F1_MACRO,25.266086922336918,49.72670853363388,-24.460621611296965,-21.530647854546746,4.133714883579961e-12,True
TIMO_S_Custom_FSL4_RN50,GDA_CLIP_Custom_FSL1_RN50,4,F1_MACRO,25.266086922336918,25.483210417033945,-0.2171234946970273,-0.18824105764755109,0.853297416378249,False
TIMO_S_Custom_FSL4_RN50,GDA_CLIP_Custom_FSL4_RN50,4,F1_MACRO,25.266086922336918,33.741083535201184,-8.474996612864267,-7.267004507240359,2.9011437197072055e-06,True
TIMO_S_Custom_FSL4_RN50,GDA_CLIP_RN50,4,F1_MACRO,25.266086922336918,52.661093502086146,-27.39500657974923,-21.514947142705854,7.631915928450244e-14,True
TIMO_S_RN50,Tip_Adapter_Custom_FSL1_RN50,4,F1_MACRO,54.54884865270894,0.0784296372394977,54.470419015469446,79.4355639084924,3.3548927858273184e-14,True
TIMO_S_RN50,Tip_Adapter_Custom_FSL4_RN50,4,F1_MACRO,54.54884865270894,0.04366957183148162,54.50517908087746,79.60483219221292,3.831797719225391e-14,True
TIMO_S_RN50,Tip_Adapter_RN50,4,F1_MACRO,54.54884865270894,37.18713264738134,17.3617160053276,22.728052345176152,5.962577214453453e-12,True
TIMO_S_RN50,APE_Custom_FSL1_RN50,4,F1_MACRO,54.54884865270894,2.1690198995893466,52.3798287531196,71.60654559891952,1.311051140566579e-16,True
TIMO_S_RN50,APE_Custom_FSL4_RN50,4,F1_MACRO,54.54884865270894,2.624074674171287,51.92477397853765,59.87014952116639,3.424900422307756e-21,True
TIMO_S_RN50,APE_RN50,4,F1_MACRO,54.54884865270894,49.72670853363388,4.822140119075058,5.506066243311728,3.732187121194299e-05,True
TIMO_S_RN50,GDA_CLIP_Custom_FSL1_RN50,4,F1_MACRO,54.54884865270894,25.483210417033945,29.065638235674996,32.36065578861468,4.333439016358308e-17,True
TIMO_S_RN50,GDA_CLIP_Custom_FSL4_RN50,4,F1_MACRO,54.54884865270894,33.741083535201184,20.807765117507756,22.751834511044773,1.4167214812395098e-14,True
TIMO_S_RN50,GDA_CLIP_RN50,4,F1_MACRO,54.54884865270894,52.661093502086146,1.8877551506227945,1.8018610249511844,0.08869985641175852,False
Tip_Adapter_Custom_FSL1_RN50,Tip_Adapter_Custom_FSL4_RN50,4,F1_MACRO,0.0784296372394977,0.04366957183148162,0.03476006540801608,0.7915283899122965,0.4442698239092101,False
Tip_Adapter_Custom_FSL1_RN50,Tip_Adapter_RN50,4,F1_MACRO,0.0784296372394977,37.18713264738134,-37.108703010141845,-108.65296653517339,1.0629892325186351e-15,True
Tip_Adapter_Custom_FSL1_RN50,APE_Custom_FSL1_RN50,4,F1_MACRO,0.0784296372394977,2.1690198995893466,-2.090590262349849,-8.005069742618227,1.6483169636133744e-05,True
Tip_Adapter_Custom_FSL1_RN50,APE_Custom_FSL4_RN50,4,F1_MACRO,0.0784296372394977,2.624074674171287,-2.5456450369317896,-4.765835022751114,0.0009886962638995147,True
Tip_Adapter_Custom_FSL1_RN50,APE_RN50,4,F1_MACRO,0.0784296372394977,49.72670853363388,-49.64827889639439,-90.62662809200503,9.134103413614454e-15,True
Tip_Adapter_Custom_FSL1_RN50,GDA_CLIP_Custom_FSL1_RN50,4,F1_MACRO,0.0784296372394977,25.483210417033945,-25.404780779794446,-43.578904450017255,7.230894000091988e-12,True
Tip_Adapter_Custom_FSL1_RN50,GDA_CLIP_Custom_FSL4_RN50,4,F1_MACRO,0.0784296372394977,33.741083535201184,-33.66265389796169,-55.376509819873775,8.40319550709045e-13,True
Tip_Adapter_Custom_FSL1_RN50,GDA_CLIP_RN50,4,F1_MACRO,0.0784296372394977,52.661093502086146,-52.58266386484665,-66.20955565147487,1.8205255041560414e-13,True
Tip_Adapter_Custom_FSL4_RN50,Tip_Adapter_RN50,4,F1_MACRO,0.04366957183148162,37.18713264738134,-37.14346307554986,-109.41321653354201,1.982966960403837e-15,True
Tip_Adapter_Custom_FSL4_RN50,APE_Custom_FSL1_RN50,4,F1_MACRO,0.04366957183148162,2.1690198995893466,-2.125350327757865,-8.222988909761286,1.6922460301770656e-05,True
Tip_Adapter_Custom_FSL4_RN50,APE_Custom_FSL4_RN50,4,F1_MACRO,0.04366957183148162,2.624074674171287,-2.5804051023398054,-4.842805521454852,0.0009125732883805175,True
Tip_Adapter_Custom_FSL4_RN50,APE_RN50,4,F1_MACRO,0.04366957183148162,49.72670853363388,-49.6830389618024,-90.90231156322199,1.1408696014296252e-14,True
Tip_Adapter_Custom_FSL4_RN50,GDA_CLIP_Custom_FSL1_RN50,4,F1_MACRO,0.04366957183148162,25.483210417033945,-25.439540845202462,-43.728680930973724,8.27877849787649e-12,True
Tip_Adapter_Custom_FSL4_RN50,GDA_CLIP_Custom_FSL4_RN50,4,F1_MACRO,0.04366957183148162,33.741083535201184,-33.697413963369705,-55.53898292011534,9.692088181146697e-13,True
Tip_Adapter_Custom_FSL4_RN50,GDA_CLIP_RN50,4,F1_MACRO,0.04366957183148162,52.661093502086146,-52.61742393025467,-66.32696417679624,1.992148858678559e-13,True
Tip_Adapter_RN50,APE_Custom_FSL1_RN50,4,F1_MACRO,37.18713264738134,2.1690198995893466,35.018112747791996,82.19196662849221,2.4779025967658588e-23,True
Tip_Adapter_RN50,APE_Custom_FSL4_RN50,4,F1_MACRO,37.18713264738134,2.624074674171287,34.56305797321005,54.742975498544425,6.08628557584353e-19,True
Tip_Adapter_RN50,APE_RN50,4,F1_MACRO,37.18713264738134,49.72670853363388,-12.539575886252543,-19.50191981560467,4.343625084631038e-12,True
Tip_Adapter_RN50,GDA_CLIP_Custom_FSL1_RN50,4,F1_MACRO,37.18713264738134,25.483210417033945,11.703922230347395,17.386233968603495,4.157590492273168e-11,True
Tip_Adapter_RN50,GDA_CLIP_Custom_FSL4_RN50,4,F1_MACRO,37.18713264738134,33.741083535201184,3.4460491121801553,4.959274580565375,0.00020436459500663496,True
Tip_Adapter_RN50,GDA_CLIP_RN50,4,F1_MACRO,37.18713264738134,52.661093502086146,-15.473960854704806,-17.939117847656522,3.955679984714757e-10,True
APE_Custom_FSL1_RN50,APE_Custom_FSL4_RN50,4,F1_MACRO,2.1690198995893466,2.624074674171287,-0.45505477458194044,-0.7689788890500588,0.4556479193619911,False
APE_Custom_FSL1_RN50,APE_RN50,4,F1_MACRO,2.1690198995893466,49.72670853363388,-47.55768863404454,-78.71841410286692,1.3323556145461513e-18,True
APE_Custom_FSL1_RN50,GDA_CLIP_Custom_FSL1_RN50,4,F1_MACRO,2.1690198995893466,25.483210417033945,-23.314190517444597,-36.64746329424408,5.0188531161277416e-14,True
APE_Custom_FSL1_RN50,GDA_CLIP_Custom_FSL4_RN50,4,F1_MACRO,2.1690198995893466,33.741083535201184,-31.572063635611837,-47.90238787310632,3.2187298920168244e-15,True
APE_Custom_FSL1_RN50,GDA_CLIP_RN50,4,F1_MACRO,2.1690198995893466,52.661093502086146,-50.4920736024968,-60.539886634493016,4.118822848355793e-15,True
APE_Custom_FSL4_RN50,APE_RN50,4,F1_MACRO,2.624074674171287,49.72670853363388,-47.10263385946259,-61.73694384181497,2.1359668377377437e-22,True
APE_Custom_FSL4_RN50,GDA_CLIP_Custom_FSL1_RN50,4,F1_MACRO,2.624074674171287,25.483210417033945,-22.85913574286266,-28.988495756550783,1.7977844651617537e-16,True
APE_Custom_FSL4_RN50,GDA_CLIP_Custom_FSL4_RN50,4,F1_MACRO,2.624074674171287,33.741083535201184,-31.1170088610299,-38.55118807609145,1.574476886223281e-18,True
APE_Custom_FSL4_RN50,GDA_CLIP_RN50,4,F1_MACRO,2.624074674171287,52.661093502086146,-50.037018827914856,-52.37504368804926,4.315192322472232e-19,True
APE_RN50,GDA_CLIP_Custom_FSL1_RN50,4,F1_MACRO,49.72670853363388,25.483210417033945,24.243498116599937,30.384333862494852,7.116513674281481e-17,True
APE_RN50,GDA_CLIP_Custom_FSL4_RN50,4,F1_MACRO,49.72670853363388,33.741083535201184,15.985624998432698,19.583413360034537,1.7138446838818992e-13,True
APE_RN50,GDA_CLIP_RN50,4,F1_MACRO,49.72670853363388,52.661093502086146,-2.934384968452264,-3.0468750603217494,0.007701410107759505,True
GDA_CLIP_Custom_FSL1_RN50,GDA_CLIP_Custom_FSL4_RN50,4,F1_MACRO,25.483210417033945,33.741083535201184,-8.25787311816724,-9.827729838442322,1.1858106875431302e-08,True
GDA_CLIP_Custom_FSL1_RN50,GDA_CLIP_RN50,4,F1_MACRO,25.483210417033945,52.661093502086146,-27.1778830850522,-27.63422875364296,2.95146902062706e-15,True
GDA_CLIP_Custom_FSL4_RN50,GDA_CLIP_RN50,4,F1_MACRO,33.741083535201184,52.661093502086146,-18.92000996688496,-18.949132221520834,8.570910360507994e-13,True
TIMO_Custom_FSL1_RN50,TIMO_Custom_FSL4_RN50,8,ACC,30.642201834862384,38.37920489296636,-7.737003058103973,-6.011515829177893,1.2595545183842116e-05,True
TIMO_Custom_FSL1_RN50,TIMO_RN50,8,ACC,30.642201834862384,65.25993883792049,-34.6177370030581,-33.364744530809425,7.942634968700972e-17,True
TIMO_Custom_FSL1_RN50,TIMO_S_Custom_FSL1_RN50,8,ACC,30.642201834862384,32.17125382262997,-1.5290519877675877,-1.381330253782048,0.18428189874415857,False
TIMO_Custom_FSL1_RN50,TIMO_S_Custom_FSL4_RN50,8,ACC,30.642201834862384,40.886850152905204,-10.24464831804282,-7.096318092374788,2.4848216239320442e-06,True
TIMO_Custom_FSL1_RN50,TIMO_S_RN50,8,ACC,30.642201834862384,65.07645259938838,-34.43425076452599,-32.8534564806228,7.408958729372824e-17,True
TIMO_Custom_FSL1_RN50,Tip_Adapter_Custom_FSL1_RN50,8,ACC,30.642201834862384,1.7125382262996944,28.929663608562688,32.59701169592017,6.256515286271509e-13,True
TIMO_Custom_FSL1_RN50,Tip_Adapter_Custom_FSL4_RN50,8,ACC,30.642201834862384,1.3761467889908254,29.266055045871557,35.177378821959785,2.9998193142304214e-11,True
TIMO_Custom_FSL1_RN50,Tip_Adapter_RN50,8,ACC,30.642201834862384,48.44036697247707,-17.79816513761469,-20.576807332528535,5.136496123813662e-10,True
TIMO_Custom_FSL1_RN50,APE_Custom_FSL1_RN50,8,ACC,30.642201834862384,5.351681957186544,25.29051987767584,29.40060527449988,1.6752973675727808e-11,True
TIMO_Custom_FSL1_RN50,APE_Custom_FSL4_RN50,8,ACC,30.642201834862384,7.522935779816514,23.11926605504587,21.723500148815706,5.271880302198983e-14,True
TIMO_Custom_FSL1_RN50,APE_RN50,8,ACC,30.642201834862384,58.103975535168196,-27.461773700305812,-27.026624017755175,5.1612088542295214e-15,True
TIMO_Custom_FSL1_RN50,GDA_CLIP_Custom_FSL1_RN50,8,ACC,30.642201834862384,34.25076452599389,-3.608562691131503,-3.4228870229933888,0.0032088175887850625,True
TIMO_Custom_FSL1_RN50,GDA_CLIP_Custom_FSL4_RN50,8,ACC,30.642201834862384,46.97247706422019,-16.33027522935781,-13.186190115272028,1.300638221776889e-10,True
TIMO_Custom_FSL1_RN50,GDA_CLIP_RN50,8,ACC,30.642201834862384,63.608562691131496,-32.96636085626911,-32.64169787400463,3.184342483204707e-16,True
TIMO_Custom_FSL4_RN50,TIMO_RN50,8,ACC,38.37920489296636,65.25993883792049,-26.88073394495413,-22.926967828433664,2.9755730256986e-13,True
TIMO_Custom_FSL4_RN50,TIMO_S_Custom_FSL1_RN50,8,ACC,38.37920489296636,32.17125382262997,6.207951070336385,5.029623722939153,0.00010923280135141528,True
TIMO_Custom_FSL4_RN50,TIMO_S_Custom_FSL4_RN50,8,ACC,38.37920489296636,40.886850152905204,-2.5076452599388475,-1.6246917046950515,0.12216477848282781,False
TIMO_Custom_FSL4_RN50,TIMO_S_RN50,8,ACC,38.37920489296636,65.07645259938838,-26.69724770642202,-22.59018085608834,2.69774432360049e-13,True
TIMO_Custom_FSL4_RN50,Tip_Adapter_Custom_FSL1_RN50,8,ACC,38.37920489296636,1.7125382262996944,36.666666666666664,35.18868788948075,1.2328816513040468e-12,True
TIMO_Custom_FSL4_RN50,Tip_Adapter_Custom_FSL4_RN50,8,ACC,38.37920489296636,1.3761467889908254,37.00305810397553,37.18434833038637,2.2243373726395835e-11,True
TIMO_Custom_FSL4_RN50,Tip_Adapter_RN50,8,ACC,38.37920489296636,48.44036697247707,-10.061162079510716,-9.836123709347277,1.5092347177129448e-06,True
TIMO_Custom_FSL4_RN50,APE_Custom_FSL1_RN50,8,ACC,38.37920489296636,5.351681957186544,33.027522935779814,32.41621216013385,1.4806173006025005e-11,True
TIMO_Custom_FSL4_RN50,APE_Custom_FSL4_RN50,8,ACC,38.37920489296636,7.522935779816514,30.856269113149843,25.796525834928875,2.1963695343411977e-14,True
TIMO_Custom_FSL4_RN50,APE_RN50,8,ACC,38.37920489296636,58.103975535168196,-19.72477064220184,-17.09980579022044,3.915767667806869e-11,True
TIMO_Custom_FSL4_RN50,GDA_CLIP_Custom_FSL1_RN50,8,ACC,38.37920489296636,34.25076452599389,4.12844036697247,3.477323729104355,0.0031952152108130787,True
TIMO_Custom_FSL4_RN50,GDA_CLIP_Custom_FSL4_RN50,8,ACC,38.37920489296636,46.97247706422019,-8.593272171253837,-6.349122928437145,5.675202238711671e-06,True
TIMO_Custom_FSL4_RN50,GDA_CLIP_RN50,8,ACC,38.37920489296636,63.608562691131496,-25.22935779816514,-21.975054836809935,1.358335791411005e-12,True
TIMO_RN50,TIMO_S_Custom_FSL1_RN50,8,ACC,65.25993883792049,32.17125382262997,33.088685015290515,34.06478021507438,1.7240188424429423e-17,True
TIMO_RN50,TIMO_S_Custom_FSL4_RN50,8,ACC,65.25993883792049,40.886850152905204,24.373088685015283,18.154839926075464,5.5413439265287156e-11,True
TIMO_RN50,TIMO_S_RN50,8,ACC,65.25993883792049,65.07645259938838,0.18348623853211166,0.20303047565772556,0.8413902719444016,False
TIMO_RN50,Tip_Adapter_Custom_FSL1_RN50,8,ACC,65.25993883792049,1.7125382262996944,63.547400611620795,89.34937380774234,3.367076182728496e-20,True
TIMO_RN50,Tip_Adapter_Custom_FSL4_RN50,8,ACC,65.25993883792049,1.3761467889908254,63.883792048929664,99.72777456659244,8.709798143216795e-16,True
TIMO_RN50,Tip_Adapter_RN50,8,ACC,65.25993883792049,48.44036697247707,16.819571865443415,24.62960915359446,1.1509145871179269e-11,True
TIMO_RN50,APE_Custom_FSL1_RN50,8,ACC,65.25993883792049,5.351681957186544,59.908256880733944,88.5086346511019,6.847358877949262e-18,True
TIMO_RN50,APE_Custom_FSL4_RN50,8,ACC,65.25993883792049,7.522935779816514,57.73700305810397,62.59423379627901,1.933670311601923e-22,True
TIMO_RN50,APE_RN50,8,ACC,65.25993883792049,58.103975535168196,7.155963302752291,8.259395133629456,1.5908663219562286e-07,True
TIMO_RN50,GDA_CLIP_Custom_FSL1_RN50,8,ACC,65.25993883792049,34.25076452599389,31.0091743119266,34.04465563277605,8.996587088278146e-18,True
TIMO_RN50,GDA_CLIP_Custom_FSL4_RN50,8,ACC,65.25993883792049,46.97247706422019,18.287461773700294,16.34424859549665,2.3573082565530406e-11,True
TIMO_RN50,GDA_CLIP_RN50,8,ACC,65.25993883792049,63.608562691131496,1.6513761467889907,1.9220449413988105,0.07066915203497595,False
TIMO_S_Custom_FSL1_RN50,TIMO_S_Custom_FSL4_RN50,8,ACC,32.17125382262997,40.886850152905204,-8.715596330275233,-6.2395462983510805,1.547374909230735e-05,True
TIMO_S_Custom_FSL1_RN50,TIMO_S_RN50,8,ACC,32.17125382262997,65.07645259938838,-32.905198776758404,-33.48720690441573,1.8725226657769552e-17,True
TIMO_S_Custom_FSL1_RN50,Tip_Adapter_Custom_FSL1_RN50,8,ACC,32.17125382262997,1.7125382262996944,30.458715596330276,37.64526151171904,3.404758747608383e-14,True
TIMO_S_Custom_FSL1_RN50,Tip_Adapter_Custom_FSL4_RN50,8,ACC,32.17125382262997,1.3761467889908254,30.795107033639145,41.18311847531455,5.7925485202579395e-12,True
TIMO_S_Custom_FSL1_RN50,Tip_Adapter_RN50,8,ACC,32.17125382262997,48.44036697247707,-16.2691131498471,-20.74302227191047,2.590814492804315e-10,True
TIMO_S_Custom_FSL1_RN50,APE_Custom_FSL1_RN50,8,ACC,32.17125382262997,5.351681957186544,26.81957186544343,34.425261266273004,1.5500986912361596e-12,True
TIMO_S_Custom_FSL1_RN50,APE_Custom_FSL4_RN50,8,ACC,32.17125382262997,7.522935779816514,24.648318042813457,24.652942371399973,3.1007766999414216e-15,True
TIMO_S_Custom_FSL1_RN50,APE_RN50,8,ACC,32.17125382262997,58.103975535168196,-25.932721712538225,-27.34377571295332,1.2688635100745872e-15,True
TIMO_S_Custom_FSL1_RN50,GDA_CLIP_Custom_FSL1_RN50,8,ACC,32.17125382262997,34.25076452599389,-2.0795107033639155,-2.1023109023147635,0.050063884500912426,False
TIMO_S_Custom_FSL1_RN50,GDA_CLIP_Custom_FSL4_RN50,8,ACC,32.17125382262997,46.97247706422019,-14.801223241590222,-12.506093470274426,4.717140188022835e-10,True
TIMO_S_Custom_FSL1_RN50,GDA_CLIP_RN50,8,ACC,32.17125382262997,63.608562691131496,-31.437308868501525,-33.380064088284136,5.3331628740439275e-17,True
TIMO_S_Custom_FSL4_RN50,TIMO_S_RN50,8,ACC,40.886850152905204,65.07645259938838,-24.18960244648317,-17.909051430541105,5.155360664574044e-11,True
TIMO_S_Custom_FSL4_RN50,Tip_Adapter_Custom_FSL1_RN50,8,ACC,40.886850152905204,1.7125382262996944,39.17431192660551,31.843085282829566,1.0808797436689598e-11,True
TIMO_S_Custom_FSL4_RN50,Tip_Adapter_Custom_FSL4_RN50,8,ACC,40.886850152905204,1.3761467889908254,39.51070336391438,33.18035932676883,7.293616329051332e-11,True
TIMO_S_Custom_FSL4_RN50,Tip_Adapter_RN50,8,ACC,40.886850152905204,48.44036697247707,-7.553516819571868,-6.221620800560823,0.00010382052982294365,True
TIMO_S_Custom_FSL4_RN50,APE_Custom_FSL1_RN50,8,ACC,40.886850152905204,5.351681957186544,35.53516819571866,29.351171702442347,7.33181236995762e-11,True
TIMO_S_Custom_FSL4_RN50,APE_Custom_FSL4_RN50,8,ACC,40.886850152905204,7.522935779816514,33.36391437308869,24.473807123396707,4.719929291203548e-13,True
TIMO_S_Custom_FSL4_RN50,APE_RN50,8,ACC,40.886850152905204,58.103975535168196,-17.217125382262992,-12.984243063549647,6.432435649709361e-09,True
TIMO_S_Custom_FSL4_RN50,GDA_CLIP_Custom_FSL1_RN50,8,ACC,40.886850152905204,34.25076452599389,6.636085626911317,4.895844060768321,0.00023328579001114202,True
TIMO_S_Custom_FSL4_RN50,GDA_CLIP_Custom_FSL4_RN50,8,ACC,40.886850152905204,46.97247706422019,-6.085626911314989,-4.04850448870683,0.0008354738397260763,True
TIMO_S_Custom_FSL4_RN50,GDA_CLIP_RN50,8,ACC,40.886850152905204,63.608562691131496,-22.721712538226292,-17.19659655742206,2.1974973904587464e-10,True
TIMO_S_RN50,Tip_Adapter_Custom_FSL1_RN50,8,ACC,65.07645259938838,1.7125382262996944,63.36391437308868,87.21258306958518,8.233707331605653e-20,True
TIMO_S_RN50,Tip_Adapter_Custom_FSL4_RN50,8,ACC,65.07645259938838,1.3761467889908254,63.70030581039755,96.87498912714784,1.2613002001680642e-15,True
TIMO_S_RN50,Tip_Adapter_RN50,8,ACC,65.07645259938838,48.44036697247707,16.636085626911303,23.80516661245639,2.153500630491117e-11,True
TIMO_S_RN50,APE_Custom_FSL1_RN50,8,ACC,65.07645259938838,5.351681957186544,59.72477064220183,86.18972871312243,1.358693157909049e-17,True
TIMO_S_RN50,APE_Custom_FSL4_RN50,8,ACC,65.07645259938838,7.522935779816514,57.55351681957186,61.60291041362067,2.2993558656545094e-22,True
TIMO_S_RN50,APE_RN50,8,ACC,65.07645259938838,58.103975535168196,6.972477064220179,7.932067680430393,2.909340163739825e-07,True
TIMO_S_RN50,GDA_CLIP_Custom_FSL1_RN50,8,ACC,65.07645259938838,34.25076452599389,30.82568807339449,33.40264146453391,1.2053611750247774e-17,True
TIMO_S_RN50,GDA_CLIP_Custom_FSL4_RN50,8,ACC,65.07645259938838,46.97247706422019,18.103975535168182,16.039754852426448,2.4801141211871503e-11,True
TIMO_S_RN50,GDA_CLIP_RN50,8,ACC,65.07645259938838,63.608562691131496,1.467889908256879,1.6835485447618384,0.10971477828010766,False
Tip_Adapter_Custom_FSL1_RN50,Tip_Adapter_Custom_FSL4_RN50,8,ACC,1.7125382262996944,1.3761467889908254,0.336391437308869,0.965176377947305,0.35496948154971464,False
Tip_Adapter_Custom_FSL1_RN50,Tip_Adapter_RN50,8,ACC,1.7125382262996944,48.44036697247707,-46.72782874617738,-110.91765411924366,6.08600812444998e-26,True
Tip_Adapter_Custom_FSL1_RN50,APE_Custom_FSL1_RN50,8,ACC,1.7125382262996944,5.351681957186544,-3.63914373088685,-8.845200340341277,1.0576402690263389e-07,True
Tip_Adapter_Custom_FSL1_RN50,APE_Custom_FSL4_RN50,8,ACC,1.7125382262996944,7.522935779816514,-5.81039755351682,-7.750978178391003,3.0467667926931038e-06,True
Tip_Adapter_Custom_FSL1_RN50,APE_RN50,8,ACC,1.7125382262996944,58.103975535168196,-56.391437308868504,-82.98414931120091,2.594977788472907e-20,True
Tip_Adapter_Custom_FSL1_RN50,GDA_CLIP_Custom_FSL1_RN50,8,ACC,1.7125382262996944,34.25076452599389,-32.538226299694195,-44.24806044551396,8.737702625747889e-16,True
Tip_Adapter_Custom_FSL1_RN50,GDA_CLIP_Custom_FSL4_RN50,8,ACC,1.7125382262996944,46.97247706422019,-45.2599388379205,-46.12006997558984,3.54757134131292e-14,True
Tip_Adapter_Custom_FSL1_RN50,GDA_CLIP_RN50,8,ACC,1.7125382262996944,63.608562691131496,-61.896024464831804,-92.33979801728141,3.831944762679019e-21,True
Tip_Adapter_Custom_FSL4_RN50,Tip_Adapter_RN50,8,ACC,1.3761467889908254,48.44036697247707,-47.06422018348625,-164.36955256338072,6.8500787245495275e-22,True
Tip_Adapter_Custom_FSL4_RN50,APE_Custom_FSL1_RN50,8,ACC,1.3761467889908254,5.351681957186544,-3.975535168195719,-14.636439188295627,2.576776265808965e-09,True
Tip_Adapter_Custom_FSL4_RN50,APE_Custom_FSL4_RN50,8,ACC,1.3761467889908254,7.522935779816514,-6.146788990825689,-9.000000000000004,5.844594965487364e-06,True
Tip_Adapter_Custom_FSL4_RN50,APE_RN50,8,ACC,1.3761467889908254,58.103975535168196,-56.72782874617737,-93.73150881470353,1.270661742706004e-15,True
Tip_Adapter_Custom_FSL4_RN50,GDA_CLIP_Custom_FSL1_RN50,8,ACC,1.3761467889908254,34.25076452599389,-32.874617737003064,-49.26679445805968,8.288580580835172e-13,True
Tip_Adapter_Custom_FSL4_RN50,GDA_CLIP_Custom_FSL4_RN50,8,ACC,1.3761467889908254,46.97247706422019,-45.59633027522937,-48.95326553205872,1.637551868917272e-12,True
Tip_Adapter_Custom_FSL4_RN50,GDA_CLIP_RN50,8,ACC,1.3761467889908254,63.608562691131496,-62.23241590214067,-104.62298582527445,4.0843512258815055e-16,True
Tip_Adapter_RN50,APE_Custom_FSL1_RN50,8,ACC,48.44036697247707,5.351681957186544,43.08868501529053,119.60546632181683,1.7819101719254494e-27,True
Tip_Adapter_RN50,APE_Custom_FSL4_RN50,8,ACC,48.44036697247707,7.522935779816514,40.91743119266056,56.60825057721614,1.2998062054888818e-15,True
Tip_Adapter_RN50,APE_RN50,8,ACC,48.44036697247707,58.103975535168196,-9.663608562691124,-14.870702581774344,2.8724776697584535e-09,True
Tip_Adapter_RN50,GDA_CLIP_Custom_FSL1_RN50,8,ACC,48.44036697247707,34.25076452599389,14.189602446483185,20.041747473487575,1.771200293431838e-10,True
Tip_Adapter_RN50,GDA_CLIP_Custom_FSL4_RN50,8,ACC,48.44036697247707,46.97247706422019,1.467889908256879,1.5274270206233516,0.1563552659458825,False
Tip_Adapter_RN50,GDA_CLIP_RN50,8,ACC,48.44036697247707,63.608562691131496,-15.168195718654424,-23.693786897103504,9.15425649397754e-12,True
APE_Custom_FSL1_RN50,APE_Custom_FSL4_RN50,8,ACC,5.351681957186544,7.522935779816514,-2.1712538226299696,-3.027756021638967,0.011105881169579074,True
APE_Custom_FSL1_RN50,APE_RN50,8,ACC,5.351681957186544,58.103975535168196,-52.75229357798165,-81.97778718022413,7.084645793219143e-18,True
APE_Custom_FSL1_RN50,GDA_CLIP_Custom_FSL1_RN50,8,ACC,5.351681957186544,34.25076452599389,-28.899082568807344,-41.15617022676502,7.858949167488633e-14,True
APE_Custom_FSL1_RN50,GDA_CLIP_Custom_FSL4_RN50,8,ACC,5.351681957186544,46.97247706422019,-41.62079510703365,-43.502686237084355,5.465881675766812e-13,True
APE_Custom_FSL1_RN50,GDA_CLIP_RN50,8,ACC,5.351681957186544,63.608562691131496,-58.25688073394495,-91.92666096470057,1.3408272700734305e-18,True
APE_Custom_FSL4_RN50,APE_RN50,8,ACC,7.522935779816514,58.103975535168196,-50.58103975535168,-56.31369140145329,1.929902278648694e-21,True
APE_Custom_FSL4_RN50,GDA_CLIP_Custom_FSL1_RN50,8,ACC,7.522935779816514,34.25076452599389,-26.727828746177373,-28.39951784443427,2.141182809666381e-16,True
APE_Custom_FSL4_RN50,GDA_CLIP_Custom_FSL4_RN50,8,ACC,7.522935779816514,46.97247706422019,-39.44954128440368,-34.49312941907517,8.830315109456645e-17,True
APE_Custom_FSL4_RN50,GDA_CLIP_RN50,8,ACC,7.522935779816514,63.608562691131496,-56.08562691131498,-62.93036444539923,3.2628370287735795e-22,True
APE_RN50,GDA_CLIP_Custom_FSL1_RN50,8,ACC,58.103975535168196,34.25076452599389,23.85321100917431,26.91255681435182,6.997278576815316e-16,True
APE_RN50,GDA_CLIP_Custom_FSL4_RN50,8,ACC,58.103975535168196,46.97247706422019,11.131498470948003,10.128493126883932,3.392159315493227e-08,True
APE_RN50,GDA_CLIP_RN50,8,ACC,58.103975535168196,63.608562691131496,-5.5045871559633,-6.607018587137344,3.3362882664039866e-06,True
GDA_CLIP_Custom_FSL1_RN50,GDA_CLIP_Custom_FSL4_RN50,8,ACC,34.25076452599389,46.97247706422019,-12.721712538226306,-11.214608413157606,4.608961427212701e-09,True
GDA_CLIP_Custom_FSL1_RN50,GDA_CLIP_RN50,8,ACC,34.25076452599389,63.608562691131496,-29.35779816513761,-33.38920049473211,1.7984331729609232e-17,True
GDA_CLIP_Custom_FSL4_RN50,GDA_CLIP_RN50,8,ACC,46.97247706422019,63.608562691131496,-16.636085626911303,-15.215832468815298,1.317851628436078e-10,True
TIMO_Custom_FSL1_RN50,TIMO_Custom_FSL4_RN50,8,F1_MACRO,28.70972495766903,36.51556603119103,-7.8058410735219965,-5.995681297502168,1.1377310010749264e-05,True
TIMO_Custom_FSL1_RN50,TIMO_RN50,8,F1_MACRO,28.70972495766903,63.66344477281977,-34.95371981515074,-31.41020279813861,8.104798825345508e-16,True
TIMO_Custom_FSL1_RN50,TIMO_S_Custom_FSL1_RN50,8,F1_MACRO,28.70972495766903,30.49105235042735,-1.7813273927583175,-1.4562301317108808,0.16279105102341024,False
TIMO_Custom_FSL1_RN50,TIMO_S_Custom_FSL4_RN50,8,F1_MACRO,28.70972495766903,39.13263935138936,-10.422914393720326,-7.228524042909498,1.2545195654070194e-06,True
TIMO_Custom_FSL1_RN50,TIMO_S_RN50,8,F1_MACRO,28.70972495766903,63.45445122007622,-34.74472626240719,-30.958071049501775,7.133269609874396e-16,True
TIMO_Custom_FSL1_RN50,Tip_Adapter_Custom_FSL1_RN50,8,F1_MACRO,28.70972495766903,0.23969221550943418,28.470032742159596,30.892023456611675,1.1634721245561408e-10,True
TIMO_Custom_FSL1_RN50,Tip_Adapter_Custom_FSL4_RN50,8,F1_MACRO,28.70972495766903,0.06356872645682213,28.64615623121221,31.30615088761899,1.6841019491332332e-10,True
TIMO_Custom_FSL1_RN50,Tip_Adapter_RN50,8,F1_MACRO,28.70972495766903,41.19705450508931,-12.48732954742028,-12.683547458819396,3.197143100290869e-08,True
TIMO_Custom_FSL1_RN50,APE_Custom_FSL1_RN50,8,F1_MACRO,28.70972495766903,2.5684092042136886,26.141315753455345,27.581258555293143,5.3459652337600256e-11,True
TIMO_Custom_FSL1_RN50,APE_Custom_FSL4_RN50,8,F1_MACRO,28.70972495766903,4.4217234061718615,24.28800155149717,21.274814753160854,1.6574118298982938e-13,True
TIMO_Custom_FSL1_RN50,APE_RN50,8,F1_MACRO,28.70972495766903,54.03185332505185,-25.322128367382817,-23.255470476994056,2.086017310678068e-13,True
TIMO_Custom_FSL1_RN50,GDA_CLIP_Custom_FSL1_RN50,8,F1_MACRO,28.70972495766903,32.55042555823806,-3.840700600569029,-3.3883335813713757,0.003621580590691973,True
TIMO_Custom_FSL1_RN50,GDA_CLIP_Custom_FSL4_RN50,8,F1_MACRO,28.70972495766903,45.54745428182929,-16.837729324160257,-13.214105908122654,1.067522004896525e-10,True
TIMO_Custom_FSL1_RN50,GDA_CLIP_RN50,8,F1_MACRO,28.70972495766903,61.57093196155696,-32.86120700388793,-27.652665823978513,7.954786223579078e-16,True
TIMO_Custom_FSL4_RN50,TIMO_RN50,8,F1_MACRO,36.51556603119103,63.66344477281977,-27.147878741628745,-24.193316120229486,5.657887517273524e-14,True
TIMO_Custom_FSL4_RN50,TIMO_S_Custom_FSL1_RN50,8,F1_MACRO,36.51556603119103,30.49105235042735,6.024513680763679,4.8911374847002875,0.0001232056649915774,True
TIMO_Custom_FSL4_RN50,TIMO_S_Custom_FSL4_RN50,8,F1_MACRO,36.51556603119103,39.13263935138936,-2.6170733201983296,-1.8059854827320279,0.08823261227624918,False
TIMO_Custom_FSL4_RN50,TIMO_S_RN50,8,F1_MACRO,36.51556603119103,63.45445122007622,-26.938885188885195,-23.80714283391286,5.360499891576701e-14,True
TIMO_Custom_FSL4_RN50,Tip_Adapter_Custom_FSL1_RN50,8,F1_MACRO,36.51556603119103,0.23969221550943418,36.27587381568159,38.88851139943923,1.4190082083290075e-11,True
TIMO_Custom_FSL4_RN50,Tip_Adapter_Custom_FSL4_RN50,8,F1_MACRO,36.51556603119103,0.06356872645682213,36.451997304734206,39.35092424159289,2.178001601496862e-11,True
TIMO_Custom_FSL4_RN50,Tip_Adapter_RN50,8,F1_MACRO,36.51556603119103,41.19705450508931,-4.681488473898284,-4.7048268434261,0.0005448267765187845,True
TIMO_Custom_FSL4_RN50,APE_Custom_FSL1_RN50,8,F1_MACRO,36.51556603119103,2.5684092042136886,33.94715682697734,35.40937731504213,4.435361154803365e-12,True
TIMO_Custom_FSL4_RN50,APE_Custom_FSL4_RN50,8,F1_MACRO,36.51556603119103,4.4217234061718615,32.093842625019164,27.890532333371684,2.3789917560470382e-15,True
TIMO_Custom_FSL4_RN50,APE_RN50,8,F1_MACRO,36.51556603119103,54.03185332505185,-17.51628729386082,-15.94739151053995,6.183586313320626e-11,True
TIMO_Custom_FSL4_RN50,GDA_CLIP_Custom_FSL1_RN50,8,F1_MACRO,36.51556603119103,32.55042555823806,3.9651404729529673,3.4701343206766766,0.0030642899081107784,True
TIMO_Custom_FSL4_RN50,GDA_CLIP_Custom_FSL4_RN50,8,F1_MACRO,36.51556603119103,45.54745428182929,-9.03188825063826,-7.043168020694762,1.4458101817602339e-06,True
TIMO_Custom_FSL4_RN50,GDA_CLIP_RN50,8,F1_MACRO,36.51556603119103,61.57093196155696,-25.05536593036593,-20.930447026530004,9.667565239106624e-14,True
TIMO_RN50,TIMO_S_Custom_FSL1_RN50,8,F1_MACRO,63.66344477281977,30.49105235042735,33.17239242239242,32.211986342383426,1.1217700757286188e-16,True
TIMO_RN50,TIMO_S_Custom_FSL4_RN50,8,F1_MACRO,63.66344477281977,39.13263935138936,24.530805421430415,19.136058469280762,1.4220539303198867e-11,True
TIMO_RN50,TIMO_S_RN50,8,F1_MACRO,63.66344477281977,63.45445122007622,0.20899355274355003,0.23026446206834789,0.8204846326821232,False
TIMO_RN50,Tip_Adapter_Custom_FSL1_RN50,8,F1_MACRO,63.66344477281977,0.23969221550943418,63.42375255731034,98.62732511352979,1.0871999825303871e-15,True
TIMO_RN50,Tip_Adapter_Custom_FSL4_RN50,8,F1_MACRO,63.66344477281977,0.06356872645682213,63.59987604636295,100.37544762148372,4.770776138107431e-15,True
TIMO_RN50,Tip_Adapter_RN50,8,F1_MACRO,63.66344477281977,41.19705450508931,22.46639026773046,30.75891790029013,1.659317033607965e-14,True
TIMO_RN50,APE_Custom_FSL1_RN50,8,F1_MACRO,63.66344477281977,2.5684092042136886,61.095035568606086,89.83592406780338,5.863925821433435e-18,True
TIMO_RN50,APE_Custom_FSL4_RN50,8,F1_MACRO,63.66344477281977,4.4217234061718615,59.24172136664791,63.60481201492123,1.5279010496067075e-22,True
TIMO_RN50,APE_RN50,8,F1_MACRO,63.66344477281977,54.03185332505185,9.631591447767924,11.122926308399796,1.7909480965874332e-09,True
TIMO_RN50,GDA_CLIP_Custom_FSL1_RN50,8,F1_MACRO,63.66344477281977,32.55042555823806,31.113019214581712,33.766126386017255,1.0781523887433687e-17,True
TIMO_RN50,GDA_CLIP_Custom_FSL4_RN50,8,F1_MACRO,63.66344477281977,45.54745428182929,18.115990490990484,16.622025013569168,1.2173513811141104e-11,True
TIMO_RN50,GDA_CLIP_RN50,8,F1_MACRO,63.66344477281977,61.57093196155696,2.0925128112628144,2.117673465549998,0.04884648273255681,True
TIMO_S_Custom_FSL1_RN50,TIMO_S_Custom_FSL4_RN50,8,F1_MACRO,30.49105235042735,39.13263935138936,-8.641587000962009,-6.267152847363048,9.88310921219171e-06,True
TIMO_S_Custom_FSL1_RN50,TIMO_S_RN50,8,F1_MACRO,30.49105235042735,63.45445122007622,-32.96339886964887,-31.69328791231606,1.1020762775466168e-16,True
TIMO_S_Custom_FSL1_RN50,Tip_Adapter_Custom_FSL1_RN50,8,F1_MACRO,30.49105235042735,0.23969221550943418,30.251360134917913,36.91642301636094,1.954338311763969e-11,True
TIMO_S_Custom_FSL1_RN50,Tip_Adapter_Custom_FSL4_RN50,8,F1_MACRO,30.49105235042735,0.06356872645682213,30.427483623970527,37.46928854001673,3.368613910307915e-11,True
TIMO_S_Custom_FSL1_RN50,Tip_Adapter_RN50,8,F1_MACRO,30.49105235042735,41.19705450508931,-10.706002154661963,-12.034058492457227,3.1395290411079056e-08,True
TIMO_S_Custom_FSL1_RN50,APE_Custom_FSL1_RN50,8,F1_MACRO,30.49105235042735,2.5684092042136886,27.92264314621366,32.89630417375299,4.615370480459277e-12,True
TIMO_S_Custom_FSL1_RN50,APE_Custom_FSL4_RN50,8,F1_MACRO,30.49105235042735,4.4217234061718615,26.06932894425549,24.57308486520524,5.283787628469576e-15,True
TIMO_S_Custom_FSL1_RN50,APE_RN50,8,F1_MACRO,30.49105235042735,54.03185332505185,-23.5408009746245,-23.449566169104443,4.559728724269408e-14,True
TIMO_S_Custom_FSL1_RN50,GDA_CLIP_Custom_FSL1_RN50,8,F1_MACRO,30.49105235042735,32.55042555823806,-2.0593732078107116,-1.9573151671108049,0.06658124745350417,False
TIMO_S_Custom_FSL1_RN50,GDA_CLIP_Custom_FSL4_RN50,8,F1_MACRO,30.49105235042735,45.54745428182929,-15.05640193140194,-12.521764607464595,2.799349170962211e-10,True
TIMO_S_Custom_FSL1_RN50,GDA_CLIP_RN50,8,F1_MACRO,30.49105235042735,61.57093196155696,-31.07987961112961,-27.974321328187102,3.1012649294802543e-16,True
TIMO_S_Custom_FSL4_RN50,TIMO_S_RN50,8,F1_MACRO,39.13263935138936,63.45445122007622,-24.321811868686865,-18.851605209356666,1.3455716594603539e-11,True
TIMO_S_Custom_FSL4_RN50,Tip_Adapter_Custom_FSL1_RN50,8,F1_MACRO,39.13263935138936,0.23969221550943418,38.89294713587992,34.72730599516404,4.7105113467667855e-11,True
TIMO_S_Custom_FSL4_RN50,Tip_Adapter_Custom_FSL4_RN50,8,F1_MACRO,39.13263935138936,0.06356872645682213,39.069070624932536,35.05346519472115,6.148401041089386e-11,True
TIMO_S_Custom_FSL4_RN50,Tip_Adapter_RN50,8,F1_MACRO,39.13263935138936,41.19705450508931,-2.0644151536999544,-1.7610194526758167,0.10623639977169125,False
TIMO_S_Custom_FSL4_RN50,APE_Custom_FSL1_RN50,8,F1_MACRO,39.13263935138936,2.5684092042136886,36.56423014717567,32.02878885156989,2.5697286027201356e-11,True
TIMO_S_Custom_FSL4_RN50,APE_Custom_FSL4_RN50,8,F1_MACRO,39.13263935138936,4.4217234061718615,34.710915945217494,26.55750661794014,5.621924789159688e-14,True
TIMO_S_Custom_FSL4_RN50,APE_RN50,8,F1_MACRO,39.13263935138936,54.03185332505185,-14.89921397366249,-11.813676121994229,1.4640430224498897e-08,True
TIMO_S_Custom_FSL4_RN50,GDA_CLIP_Custom_FSL1_RN50,8,F1_MACRO,39.13263935138936,32.55042555823806,6.582213793151297,5.063556106034507,0.0001476389211562563,True
TIMO_S_Custom_FSL4_RN50,GDA_CLIP_Custom_FSL4_RN50,8,F1_MACRO,39.13263935138936,45.54745428182929,-6.414814930439931,-4.5038732235689025,0.00030742962343999756,True
TIMO_S_Custom_FSL4_RN50,GDA_CLIP_RN50,8,F1_MACRO,39.13263935138936,61.57093196155696,-22.4382926101676,-16.645448661766086,1.824792371299347e-11,True
TIMO_S_RN50,Tip_Adapter_Custom_FSL1_RN50,8,F1_MACRO,63.45445122007622,0.23969221550943418,63.21475900456679,95.87141894978808,1.5469998479761917e-15,True
TIMO_S_RN50,Tip_Adapter_Custom_FSL4_RN50,8,F1_MACRO,63.45445122007622,0.06356872645682213,63.3908824936194,97.50009366155976,6.205977458701437e-15,True
TIMO_S_RN50,Tip_Adapter_RN50,8,F1_MACRO,63.45445122007622,41.19705450508931,22.25739671498691,29.883786699426143,3.5613525463870535e-14,True
TIMO_S_RN50,APE_Custom_FSL1_RN50,8,F1_MACRO,63.45445122007622,2.5684092042136886,60.886042015862536,87.54132907423141,1.1370393202426557e-17,True
TIMO_S_RN50,APE_Custom_FSL4_RN50,8,F1_MACRO,63.45445122007622,4.4217234061718615,59.03272781390436,62.61860239968013,1.7784836353399212e-22,True
TIMO_S_RN50,APE_RN50,8,F1_MACRO,63.45445122007622,54.03185332505185,9.422597895024374,10.730673588589529,3.2901614005538807e-09,True
TIMO_S_RN50,GDA_CLIP_Custom_FSL1_RN50,8,F1_MACRO,63.45445122007622,32.55042555823806,30.904025661838162,33.127557692077566,1.4204021986972555e-17,True
TIMO_S_RN50,GDA_CLIP_Custom_FSL4_RN50,8,F1_MACRO,63.45445122007622,45.54745428182929,17.906996938246934,16.285331724742303,1.3491033768314178e-11,True
TIMO_S_RN50,GDA_CLIP_RN50,8,F1_MACRO,63.45445122007622,61.57093196155696,1.8835192585192644,1.8857689200131404,0.07595316188864618,False
Tip_Adapter_Custom_FSL1_RN50,Tip_Adapter_Custom_FSL4_RN50,8,F1_MACRO,0.23969221550943418,0.06356872645682213,0.17612348905261205,1.577704129453363,0.148014760638174,False
Tip_Adapter_Custom_FSL1_RN50,Tip_Adapter_RN50,8,F1_MACRO,0.23969221550943418,41.19705450508931,-40.957362289579876,-107.75434315416041,1.566440065546732e-17,True
Tip_Adapter_Custom_FSL1_RN50,APE_Custom_FSL1_RN50,8,F1_MACRO,0.23969221550943418,2.5684092042136886,-2.3287169887042545,-8.590315439689055,1.374912468839452e-06,True
Tip_Adapter_Custom_FSL1_RN50,APE_Custom_FSL4_RN50,8,F1_MACRO,0.23969221550943418,4.4217234061718615,-4.1820311906624275,-6.04569863165118,0.00015536162899009904,True
Tip_Adapter_Custom_FSL1_RN50,APE_RN50,8,F1_MACRO,0.23969221550943418,54.03185332505185,-53.79216110954241,-89.55298242494163,2.1440185110690536e-15,True
Tip_Adapter_Custom_FSL1_RN50,GDA_CLIP_Custom_FSL1_RN50,8,F1_MACRO,0.23969221550943418,32.55042555823806,-32.310733342728625,-47.63877953392924,1.2730339991749176e-12,True
Tip_Adapter_Custom_FSL1_RN50,GDA_CLIP_Custom_FSL4_RN50,8,F1_MACRO,0.23969221550943418,45.54745428182929,-45.30776206631985,-50.692913942775554,1.1664682674966115e-12,True
Tip_Adapter_Custom_FSL1_RN50,GDA_CLIP_RN50,8,F1_MACRO,0.23969221550943418,61.57093196155696,-61.33123974604752,-80.02527960203416,1.272306042346072e-14,True
Tip_Adapter_Custom_FSL4_RN50,Tip_Adapter_RN50,8,F1_MACRO,0.06356872645682213,41.19705450508931,-41.13348577863249,-113.03759376926921,1.5439708781253793e-15,True
Tip_Adapter_Custom_FSL4_RN50,APE_Custom_FSL1_RN50,8,F1_MACRO,0.06356872645682213,2.5684092042136886,-2.5048404777568662,-10.106271102704081,3.116560199131022e-06,True
Tip_Adapter_Custom_FSL4_RN50,APE_Custom_FSL4_RN50,8,F1_MACRO,0.06356872645682213,4.4217234061718615,-4.35815467971504,-6.381225188104431,0.00012758463387188738,True
Tip_Adapter_Custom_FSL4_RN50,APE_RN50,8,F1_MACRO,0.06356872645682213,54.03185332505185,-53.96828459859503,-91.38621416874518,1.1055664551375341e-14,True
Tip_Adapter_Custom_FSL4_RN50,GDA_CLIP_Custom_FSL1_RN50,8,F1_MACRO,0.06356872645682213,32.55042555823806,-32.48685683178124,-48.53883940582088,3.288864735302676e-12,True
Tip_Adapter_Custom_FSL4_RN50,GDA_CLIP_Custom_FSL4_RN50,8,F1_MACRO,0.06356872645682213,45.54745428182929,-45.48388555537247,-51.278462760134126,2.0257284575368376e-12,True
Tip_Adapter_Custom_FSL4_RN50,GDA_CLIP_RN50,8,F1_MACRO,0.06356872645682213,61.57093196155696,-61.50736323510014,-81.09177385249885,3.2796486192835115e-14,True
Tip_Adapter_RN50,APE_Custom_FSL1_RN50,8,F1_MACRO,41.19705450508931,2.5684092042136886,38.628645300875625,87.82791188985833,9.472177892664988e-23,True
Tip_Adapter_RN50,APE_Custom_FSL4_RN50,8,F1_MACRO,41.19705450508931,4.4217234061718615,36.77533109891745,47.53798745219021,1.2521074288254025e-16,True
Tip_Adapter_RN50,APE_RN50,8,F1_MACRO,41.19705450508931,54.03185332505185,-12.834798819962536,-18.51069151523278,9.998479334058244e-12,True
Tip_Adapter_RN50,GDA_CLIP_Custom_FSL1_RN50,8,F1_MACRO,41.19705450508931,32.55042555823806,8.646628946851251,11.353864076506055,2.0603508826685577e-08,True
Tip_Adapter_RN50,GDA_CLIP_Custom_FSL4_RN50,8,F1_MACRO,41.19705450508931,45.54745428182929,-4.350399776739977,-4.538618444123193,0.0006876886191167867,True
Tip_Adapter_RN50,GDA_CLIP_RN50,8,F1_MACRO,41.19705450508931,61.57093196155696,-20.373877456467646,-24.225074413846272,3.701036188520797e-12,True
APE_Custom_FSL1_RN50,APE_Custom_FSL4_RN50,8,F1_MACRO,2.5684092042136886,4.4217234061718615,-1.853314201958173,-2.551827158665703,0.026380540759936216,True
APE_Custom_FSL1_RN50,APE_RN50,8,F1_MACRO,2.5684092042136886,54.03185332505185,-51.46344412083816,-80.39424019097991,7.63360867980543e-18,True
APE_Custom_FSL1_RN50,GDA_CLIP_Custom_FSL1_RN50,8,F1_MACRO,2.5684092042136886,32.55042555823806,-29.982016354024374,-42.02513413150063,7.096176577586083e-14,True
APE_Custom_FSL1_RN50,GDA_CLIP_Custom_FSL4_RN50,8,F1_MACRO,2.5684092042136886,45.54745428182929,-42.9790450776156,-46.6780108753366,2.0414820552980868e-13,True
APE_Custom_FSL1_RN50,GDA_CLIP_RN50,8,F1_MACRO,2.5684092042136886,61.57093196155696,-59.00252275734327,-73.9652880337486,4.533411827191098e-16,True
APE_Custom_FSL4_RN50,APE_RN50,8,F1_MACRO,4.4217234061718615,54.03185332505185,-49.610129918879984,-54.96013423169483,3.616087028328684e-21,True
APE_Custom_FSL4_RN50,GDA_CLIP_Custom_FSL1_RN50,8,F1_MACRO,4.4217234061718615,32.55042555823806,-28.1287021520662,-29.422379217409432,1.1424785038516723e-16,True
APE_Custom_FSL4_RN50,GDA_CLIP_Custom_FSL4_RN50,8,F1_MACRO,4.4217234061718615,45.54745428182929,-41.125730875657425,-36.74280118183198,1.4654907239484657e-17,True
APE_Custom_FSL4_RN50,GDA_CLIP_RN50,8,F1_MACRO,4.4217234061718615,61.57093196155696,-57.149208555385094,-56.00318184435561,1.8007406137025064e-21,True
APE_RN50,GDA_CLIP_Custom_FSL1_RN50,8,F1_MACRO,54.03185332505185,32.55042555823806,21.481427766813788,24.072625746932193,5.490156719524826e-15,True
APE_RN50,GDA_CLIP_Custom_FSL4_RN50,8,F1_MACRO,54.03185332505185,45.54745428182929,8.48439904322256,7.963456134756402,6.788908480345626e-07,True
APE_RN50,GDA_CLIP_RN50,8,F1_MACRO,54.03185332505185,61.57093196155696,-7.53907863650511,-7.84446242334249,4.804248107656024e-07,True
GDA_CLIP_Custom_FSL1_RN50,GDA_CLIP_Custom_FSL4_RN50,8,F1_MACRO,32.55042555823806,45.54745428182929,-12.997028723591228,-11.69850663338886,1.7744029400182138e-09,True
GDA_CLIP_Custom_FSL1_RN50,GDA_CLIP_RN50,8,F1_MACRO,32.55042555823806,61.57093196155696,-29.020506403318898,-28.694357602399865,2.6284611513277513e-16,True
GDA_CLIP_Custom_FSL4_RN50,GDA_CLIP_RN50,8,F1_MACRO,45.54745428182929,61.57093196155696,-16.02347767972767,-13.73159221526194,7.837899032892432e-11,True
TIMO_Custom_FSL1_RN50,TIMO_Custom_FSL4_RN50,16,ACC,37.00305810397553,43.272171253822634,-6.269113149847101,-3.4164030654884296,0.005082663495356295,True
TIMO_Custom_FSL1_RN50,TIMO_RN50,16,ACC,37.00305810397553,73.36391437308869,-36.36085626911316,-40.41683091020667,2.298738428650433e-18,True
TIMO_Custom_FSL1_RN50,TIMO_S_Custom_FSL1_RN50,16,ACC,37.00305810397553,39.20489296636085,-2.2018348623853186,-2.655559293866473,0.018076427945264317,True
TIMO_Custom_FSL1_RN50,TIMO_S_Custom_FSL4_RN50,16,ACC,37.00305810397553,48.74617737003058,-11.743119266055047,-8.017806186445423,1.32346692918665e-06,True
TIMO_Custom_FSL1_RN50,TIMO_S_RN50,16,ACC,37.00305810397553,73.45565749235475,-36.45259938837921,-41.69429644001753,4.312447319973313e-18,True
TIMO_Custom_FSL1_RN50,Tip_Adapter_Custom_FSL1_RN50,16,ACC,37.00305810397553,2.6299694189602447,34.37308868501529,40.81953535488259,4.2108089043929525e-17,True
TIMO_Custom_FSL1_RN50,Tip_Adapter_Custom_FSL4_RN50,16,ACC,37.00305810397553,1.7737003058103973,35.22935779816514,46.199245280357374,1.0048636234704462e-14,True
TIMO_Custom_FSL1_RN50,Tip_Adapter_RN50,16,ACC,37.00305810397553,52.90519877675841,-15.902140672782878,-18.699068757929975,3.871316680920711e-12,True
TIMO_Custom_FSL1_RN50,APE_Custom_FSL1_RN50,16,ACC,37.00305810397553,6.72782874617737,30.275229357798164,38.864226252323355,1.539476300548054e-14,True
TIMO_Custom_FSL1_RN50,APE_Custom_FSL4_RN50,16,ACC,37.00305810397553,7.981651376146789,29.021406727828744,33.3010928590457,1.8887604126874055e-16,True
TIMO_Custom_FSL1_RN50,APE_RN50,16,ACC,37.00305810397553,62.171253822629964,-25.16819571865443,-23.287272009192144,1.0792612638737548e-14,True
TIMO_Custom_FSL1_RN50,GDA_CLIP_Custom_FSL1_RN50,16,ACC,37.00305810397553,41.19266055045872,-4.189602446483185,-4.229926519496907,0.0005040500626685799,True
TIMO_Custom_FSL1_RN50,GDA_CLIP_Custom_FSL4_RN50,16,ACC,37.00305810397553,53.36391437308869,-16.360856269113157,-16.4626208522068,2.70038698732859e-12,True
TIMO_Custom_FSL1_RN50,GDA_CLIP_RN50,16,ACC,37.00305810397553,73.05810397553518,-36.05504587155964,-44.25054416552481,1.050200072367589e-16,True
TIMO_Custom_FSL4_RN50,TIMO_RN50,16,ACC,43.272171253822634,73.36391437308869,-30.091743119266056,-16.888159266606966,3.603470122809381e-09,True
TIMO_Custom_FSL4_RN50,TIMO_S_Custom_FSL1_RN50,16,ACC,43.272171253822634,39.20489296636085,4.067278287461782,2.32776754699293,0.0418140906851292,True
TIMO_Custom_FSL4_RN50,TIMO_S_Custom_FSL4_RN50,16,ACC,43.272171253822634,48.74617737003058,-5.474006116207946,-2.5774152574952742,0.01972047008529643,True
TIMO_Custom_FSL4_RN50,TIMO_S_RN50,16,ACC,43.272171253822634,73.45565749235475,-30.18348623853211,-17.060969804818257,4.530885546072945e-09,True
TIMO_Custom_FSL4_RN50,Tip_Adapter_Custom_FSL1_RN50,16,ACC,43.272171253822634,2.6299694189602447,40.64220183486239,23.178273957654575,3.1711015558792955e-10,True
TIMO_Custom_FSL4_RN50,Tip_Adapter_Custom_FSL4_RN50,16,ACC,43.272171253822634,1.7737003058103973,41.49847094801224,24.173544386957424,7.405264364277226e-10,True
TIMO_Custom_FSL4_RN50,Tip_Adapter_RN50,16,ACC,43.272171253822634,52.90519877675841,-9.633027522935777,-5.481139770846255,0.0002348731034609938,True
TIMO_Custom_FSL4_RN50,APE_Custom_FSL1_RN50,16,ACC,43.272171253822634,6.72782874617737,36.54434250764526,21.196696619087017,1.995724403318566e-09,True
TIMO_Custom_FSL4_RN50,APE_Custom_FSL4_RN50,16,ACC,43.272171253822634,7.981651376146789,35.29051987767585,19.963260129656245,9.299709073299669e-10,True
TIMO_Custom_FSL4_RN50,APE_RN50,16,ACC,43.272171253822634,62.171253822629964,-18.89908256880733,-10.053839655529156,1.7198631898384121e-07,True
TIMO_Custom_FSL4_RN50,GDA_CLIP_Custom_FSL1_RN50,16,ACC,43.272171253822634,41.19266055045872,2.0795107033639155,1.1367416509796107,0.277958879883252,False
TIMO_Custom_FSL4_RN50,GDA_CLIP_Custom_FSL4_RN50,16,ACC,43.272171253822634,53.36391437308869,-10.091743119266056,-5.511067266048198,0.00013501755121138244,True
TIMO_Custom_FSL4_RN50,GDA_CLIP_RN50,16,ACC,43.272171253822634,73.05810397553518,-29.78593272171254,-17.113196490854524,9.542269814311222e-09,True
TIMO_RN50,TIMO_S_Custom_FSL1_RN50,16,ACC,73.36391437308869,39.20489296636085,34.15902140672784,48.544828970006385,1.186671135022742e-19,True
TIMO_RN50,TIMO_S_Custom_FSL4_RN50,16,ACC,73.36391437308869,48.74617737003058,24.61773700305811,17.61647769211557,4.4580219270831856e-10,True
TIMO_RN50,TIMO_S_RN50,16,ACC,73.36391437308869,73.45565749235475,-0.09174311926605583,-0.1213008510183086,0.9048048654321409,False
TIMO_RN50,Tip_Adapter_Custom_FSL1_RN50,16,ACC,73.36391437308869,2.6299694189602447,70.73394495412845,98.398314174864,2.7922369285076743e-25,True
TIMO_RN50,Tip_Adapter_Custom_FSL4_RN50,16,ACC,73.36391437308869,1.7737003058103973,71.5902140672783,114.76164303873736,1.8748085382410107e-21,True
TIMO_RN50,Tip_Adapter_RN50,16,ACC,73.36391437308869,52.90519877675841,20.45871559633028,28.078856745325027,5.022237964815852e-16,True
TIMO_RN50,APE_Custom_FSL1_RN50,16,ACC,73.36391437308869,6.72782874617737,66.63608562691132,103.5014578030678,2.983142149924644e-22,True
TIMO_RN50,APE_Custom_FSL4_RN50,16,ACC,73.36391437308869,7.981651376146789,65.3822629969419,86.81848237774307,6.528913629018882e-25,True
TIMO_RN50,APE_RN50,16,ACC,73.36391437308869,62.171253822629964,11.192660550458726,11.331034033501565,5.184962936918679e-09,True
TIMO_RN50,GDA_CLIP_Custom_FSL1_RN50,16,ACC,73.36391437308869,41.19266055045872,32.17125382262997,36.22564330969955,1.129103341442563e-17,True
TIMO_RN50,GDA_CLIP_Custom_FSL4_RN50,16,ACC,73.36391437308869,53.36391437308869,20.0,22.426152656405026,3.843314553459062e-14,True
TIMO_RN50,GDA_CLIP_RN50,16,ACC,73.36391437308869,73.05810397553518,0.3058103975535147,0.44533723560420874,0.661885880782451,False
TIMO_S_Custom_FSL1_RN50,TIMO_S_Custom_FSL4_RN50,16,ACC,39.20489296636085,48.74617737003058,-9.541284403669728,-7.0513601460423345,2.1055822985098514e-05,True
TIMO_S_Custom_FSL1_RN50,TIMO_S_RN50,16,ACC,39.20489296636085,73.45565749235475,-34.250764525993894,-51.049918538872156,1.761622786843299e-20,True
TIMO_S_Custom_FSL1_RN50,Tip_Adapter_Custom_FSL1_RN50,16,ACC,39.20489296636085,2.6299694189602447,36.57492354740061,58.20504590171753,6.71437209485395e-22,True
TIMO_S_Custom_FSL1_RN50,Tip_Adapter_Custom_FSL4_RN50,16,ACC,39.20489296636085,1.7737003058103973,37.43119266055045,72.40477201736398,4.2852088001546654e-21,True
TIMO_S_Custom_FSL1_RN50,Tip_Adapter_RN50,16,ACC,39.20489296636085,52.90519877675841,-13.700305810397559,-21.42257755892815,3.446689594905855e-14,True
TIMO_S_Custom_FSL1_RN50,APE_Custom_FSL1_RN50,16,ACC,39.20489296636085,6.72782874617737,32.47706422018348,60.0384464890471,5.61817096820271e-21,True
TIMO_S_Custom_FSL1_RN50,APE_Custom_FSL4_RN50,16,ACC,39.20489296636085,7.981651376146789,31.223241590214062,46.79199734109659,7.231322846432806e-20,True
TIMO_S_Custom_FSL1_RN50,APE_RN50,16,ACC,39.20489296636085,62.171253822629964,-22.966360856269112,-24.85447238167214,8.983815331837233e-13,True
TIMO_S_Custom_FSL1_RN50,GDA_CLIP_Custom_FSL1_RN50,16,ACC,39.20489296636085,41.19266055045872,-1.9877675840978668,-2.4342691303877064,0.02781642584587167,True
TIMO_S_Custom_FSL1_RN50,GDA_CLIP_Custom_FSL4_RN50,16,ACC,39.20489296636085,53.36391437308869,-14.159021406727838,-17.253659976807203,2.6052802688059214e-11,True
TIMO_S_Custom_FSL1_RN50,GDA_CLIP_RN50,16,ACC,39.20489296636085,73.05810397553518,-33.85321100917432,-57.25011209005551,9.57305430184456e-22,True
TIMO_S_Custom_FSL4_RN50,TIMO_S_RN50,16,ACC,48.74617737003058,73.45565749235475,-24.709480122324166,-17.88942068790994,6.420388124682512e-10,True
TIMO_S_Custom_FSL4_RN50,Tip_Adapter_Custom_FSL1_RN50,16,ACC,48.74617737003058,2.6299694189602447,46.116207951070336,33.882175180016496,1.1231682633155724e-12,True
TIMO_S_Custom_FSL4_RN50,Tip_Adapter_Custom_FSL4_RN50,16,ACC,48.74617737003058,1.7737003058103973,46.972477064220186,35.76501622454784,8.788026558528143e-12,True
TIMO_S_Custom_FSL4_RN50,Tip_Adapter_RN50,16,ACC,48.74617737003058,52.90519877675841,-4.159021406727831,-3.044098071043751,0.010761464260141157,True
TIMO_S_Custom_FSL4_RN50,APE_Custom_FSL1_RN50,16,ACC,48.74617737003058,6.72782874617737,42.01834862385321,31.76035668047744,1.6867556684710552e-11,True
TIMO_S_Custom_FSL4_RN50,APE_Custom_FSL4_RN50,16,ACC,48.74617737003058,7.981651376146789,40.764525993883794,29.550964244767986,2.1074103947105524e-12,True
TIMO_S_Custom_FSL4_RN50,APE_RN50,16,ACC,48.74617737003058,62.171253822629964,-13.425076452599384,-8.83018027076998,2.1740232071860123e-07,True
TIMO_S_Custom_FSL4_RN50,GDA_CLIP_Custom_FSL1_RN50,16,ACC,48.74617737003058,41.19266055045872,7.553516819571861,5.182325060248604,0.00014412195958702194,True
TIMO_S_Custom_FSL4_RN50,GDA_CLIP_Custom_FSL4_RN50,16,ACC,48.74617737003058,53.36391437308869,-4.61773700305811,-3.163194956161275,0.006960688103378981,True
TIMO_S_Custom_FSL4_RN50,GDA_CLIP_RN50,16,ACC,48.74617737003058,73.05810397553518,-24.311926605504595,-18.084276347079204,2.112115268926788e-09,True
TIMO_S_RN50,Tip_Adapter_Custom_FSL1_RN50,16,ACC,73.45565749235475,2.6299694189602447,70.8256880733945,103.11738317886268,4.0531731032182295e-26,True
TIMO_S_RN50,Tip_Adapter_Custom_FSL4_RN50,16,ACC,73.45565749235475,1.7737003058103973,71.68195718654435,122.18944663744584,1.1891244647705063e-22,True
TIMO_S_RN50,Tip_Adapter_RN50,16,ACC,73.45565749235475,52.90519877675841,20.550458715596335,29.481751180935827,1.319597668201783e-16,True
TIMO_S_RN50,APE_Custom_FSL1_RN50,16,ACC,73.45565749235475,6.72782874617737,66.72782874617738,109.77289676369129,1.6865522468428895e-23,True
TIMO_S_RN50,APE_Custom_FSL4_RN50,16,ACC,73.45565749235475,7.981651376146789,65.47400611620796,90.60869781319555,2.139482808045526e-25,True
TIMO_S_RN50,APE_RN50,16,ACC,73.45565749235475,62.171253822629964,11.284403669724782,11.696780330092226,5.4901012219601736e-09,True
TIMO_S_RN50,GDA_CLIP_Custom_FSL1_RN50,16,ACC,73.45565749235475,41.19266055045872,32.26299694189603,37.41176569449093,1.8463207650133062e-17,True
TIMO_S_RN50,GDA_CLIP_Custom_FSL4_RN50,16,ACC,73.45565749235475,53.36391437308869,20.091743119266056,23.194656849293132,4.78118055386632e-14,True
TIMO_S_RN50,GDA_CLIP_RN50,16,ACC,73.45565749235475,73.05810397553518,0.3975535168195705,0.6087066218816182,0.55074175769683,False
Tip_Adapter_Custom_FSL1_RN50,Tip_Adapter_Custom_FSL4_RN50,16,ACC,2.6299694189602447,1.7737003058103973,0.8562691131498474,1.5931508078028518,0.13189251724878825,False
Tip_Adapter_Custom_FSL1_RN50,Tip_Adapter_RN50,16,ACC,2.6299694189602447,52.90519877675841,-50.27522935779817,-76.61489214794793,4.5405345693601136e-24,True
Tip_Adapter_Custom_FSL1_RN50,APE_Custom_FSL1_RN50,16,ACC,2.6299694189602447,6.72782874617737,-4.097859327217126,-7.310299322905745,1.580020280626668e-06,True
Tip_Adapter_Custom_FSL1_RN50,APE_Custom_FSL4_RN50,16,ACC,2.6299694189602447,7.981651376146789,-5.351681957186544,-7.83233210599258,3.5788465576986737e-07,True
Tip_Adapter_Custom_FSL1_RN50,APE_RN50,16,ACC,2.6299694189602447,62.171253822629964,-59.54128440366972,-63.63590890430615,9.114570816999423e-19,True
Tip_Adapter_Custom_FSL1_RN50,GDA_CLIP_Custom_FSL1_RN50,16,ACC,2.6299694189602447,41.19266055045872,-38.562691131498475,-46.47756853965674,3.967971691163892e-18,True
Tip_Adapter_Custom_FSL1_RN50,GDA_CLIP_Custom_FSL4_RN50,16,ACC,2.6299694189602447,53.36391437308869,-50.73394495412845,-60.85370751272721,7.025095684567239e-20,True
Tip_Adapter_Custom_FSL1_RN50,GDA_CLIP_RN50,16,ACC,2.6299694189602447,73.05810397553518,-70.42813455657493,-115.58425672652255,5.65549243664211e-27,True
Tip_Adapter_Custom_FSL4_RN50,Tip_Adapter_RN50,16,ACC,1.7737003058103973,52.90519877675841,-51.13149847094802,-92.88888888888886,7.506997156217051e-22,True
Tip_Adapter_Custom_FSL4_RN50,APE_Custom_FSL1_RN50,16,ACC,1.7737003058103973,6.72782874617737,-4.954128440366973,-11.467879029847113,1.2885675226890229e-09,True
Tip_Adapter_Custom_FSL4_RN50,APE_Custom_FSL4_RN50,16,ACC,1.7737003058103973,7.981651376146789,-6.207951070336391,-10.657999605441278,3.8982748437374784e-08,True
Tip_Adapter_Custom_FSL4_RN50,APE_RN50,16,ACC,1.7737003058103973,62.171253822629964,-60.39755351681957,-69.84134643864968,4.4346239313188417e-16,True
Tip_Adapter_Custom_FSL4_RN50,GDA_CLIP_Custom_FSL1_RN50,16,ACC,1.7737003058103973,41.19266055045872,-39.41896024464832,-52.637828291106395,1.6657209192605748e-15,True
Tip_Adapter_Custom_FSL4_RN50,GDA_CLIP_Custom_FSL4_RN50,16,ACC,1.7737003058103973,53.36391437308869,-51.590214067278296,-68.48575518491779,7.995373669495494e-17,True
Tip_Adapter_Custom_FSL4_RN50,GDA_CLIP_RN50,16,ACC,1.7737003058103973,73.05810397553518,-71.28440366972478,-144.40828313779645,1.4565919355597717e-26,True
Tip_Adapter_RN50,APE_Custom_FSL1_RN50,16,ACC,52.90519877675841,6.72782874617737,46.17737003058104,80.58508358376584,2.6768790417702247e-22,True
Tip_Adapter_RN50,APE_Custom_FSL4_RN50,16,ACC,52.90519877675841,7.981651376146789,44.923547400611625,64.77381254769325,1.1077093124949344e-22,True
Tip_Adapter_RN50,APE_RN50,16,ACC,52.90519877675841,62.171253822629964,-9.266055045871553,-9.82430042645739,9.077230086267725e-08,True
Tip_Adapter_RN50,GDA_CLIP_Custom_FSL1_RN50,16,ACC,52.90519877675841,41.19266055045872,11.712538226299692,13.97380120970968,2.473403296628979e-10,True
Tip_Adapter_RN50,GDA_CLIP_Custom_FSL4_RN50,16,ACC,52.90519877675841,53.36391437308869,-0.45871559633027914,-0.5447047794019269,0.5935608766300005,False
Tip_Adapter_RN50,GDA_CLIP_RN50,16,ACC,52.90519877675841,73.05810397553518,-20.152905198776764,-32.46222268823163,3.8437213742100345e-17,True
APE_Custom_FSL1_RN50,APE_Custom_FSL4_RN50,16,ACC,6.72782874617737,7.981651376146789,-1.2538226299694184,-2.076411508707033,0.0550857308233389,False
APE_Custom_FSL1_RN50,APE_RN50,16,ACC,6.72782874617737,62.171253822629964,-55.44342507645259,-63.052659083480755,2.812560851124451e-16,True
APE_Custom_FSL1_RN50,GDA_CLIP_Custom_FSL1_RN50,16,ACC,6.72782874617737,41.19266055045872,-34.464831804281346,-45.01602267487642,1.8066989459432786e-15,True
APE_Custom_FSL1_RN50,GDA_CLIP_Custom_FSL4_RN50,16,ACC,6.72782874617737,53.36391437308869,-46.63608562691132,-60.570795020912385,4.615415959900442e-17,True
APE_Custom_FSL1_RN50,GDA_CLIP_RN50,16,ACC,6.72782874617737,73.05810397553518,-66.33027522935781,-127.88357882655558,4.263739348048542e-27,True
APE_Custom_FSL4_RN50,APE_RN50,16,ACC,7.981651376146789,62.171253822629964,-54.18960244648318,-56.31785693810632,6.163397633046853e-19,True
APE_Custom_FSL4_RN50,GDA_CLIP_Custom_FSL1_RN50,16,ACC,7.981651376146789,41.19266055045872,-33.21100917431193,-38.638146036189724,1.2477690163933576e-17,True
APE_Custom_FSL4_RN50,GDA_CLIP_Custom_FSL4_RN50,16,ACC,7.981651376146789,53.36391437308869,-45.382262996941904,-52.56231317303117,9.075924571642978e-20,True
APE_Custom_FSL4_RN50,GDA_CLIP_RN50,16,ACC,7.981651376146789,73.05810397553518,-65.07645259938839,-100.21595213633611,3.763052959794354e-25,True
APE_RN50,GDA_CLIP_Custom_FSL1_RN50,16,ACC,62.171253822629964,41.19266055045872,20.978593272171246,19.58490634189855,2.316553083194691e-13,True
APE_RN50,GDA_CLIP_Custom_FSL4_RN50,16,ACC,62.171253822629964,53.36391437308869,8.807339449541274,8.19850956925783,2.056153710324405e-07,True
APE_RN50,GDA_CLIP_RN50,16,ACC,62.171253822629964,73.05810397553518,-10.886850152905211,-11.948072880466814,1.9472239604959875e-08,True
GDA_CLIP_Custom_FSL1_RN50,GDA_CLIP_Custom_FSL4_RN50,16,ACC,41.19266055045872,53.36391437308869,-12.171253822629971,-12.377211230065349,3.0631198900475616e-10,True
GDA_CLIP_Custom_FSL1_RN50,GDA_CLIP_RN50,16,ACC,41.19266055045872,73.05810397553518,-31.865443425076457,-39.7322948041499,3.4318873247975866e-16,True
GDA_CLIP_Custom_FSL4_RN50,GDA_CLIP_RN50,16,ACC,53.36391437308869,73.05810397553518,-19.694189602446485,-24.430265323307268,3.861759531038581e-13,True
TIMO_Custom_FSL1_RN50,TIMO_Custom_FSL4_RN50,16,F1_MACRO,34.895924677174676,41.360788483031136,-6.46486380585646,-3.5940645454193656,0.00392142907273107,True
TIMO_Custom_FSL1_RN50,TIMO_RN50,16,F1_MACRO,34.895924677174676,72.09026308658663,-37.194338409411955,-44.013727680308634,1.6062114365053061e-19,True
TIMO_Custom_FSL1_RN50,TIMO_S_Custom_FSL1_RN50,16,F1_MACRO,34.895924677174676,37.220082579457575,-2.3241579022828986,-3.145482318698438,0.006856567995495417,True
TIMO_Custom_FSL1_RN50,TIMO_S_Custom_FSL4_RN50,16,F1_MACRO,34.895924677174676,46.89754285066785,-12.00161817349317,-8.093911927864635,2.1080003160239933e-06,True
TIMO_Custom_FSL1_RN50,TIMO_S_RN50,16,F1_MACRO,34.895924677174676,72.10209673904527,-37.20617206187059,-46.39697079618505,3.1267621187825205e-19,True
TIMO_Custom_FSL1_RN50,Tip_Adapter_Custom_FSL1_RN50,16,F1_MACRO,34.895924677174676,0.7417941859255348,34.15413049124914,50.83127323703101,1.9023055749350175e-14,True
TIMO_Custom_FSL1_RN50,Tip_Adapter_Custom_FSL4_RN50,16,F1_MACRO,34.895924677174676,0.13072206096450426,34.765202616210175,54.516266243148166,9.744533363721092e-13,True
TIMO_Custom_FSL1_RN50,Tip_Adapter_RN50,16,F1_MACRO,34.895924677174676,46.38371578631351,-11.487791109138833,-13.761431950061416,7.793602182883238e-11,True
TIMO_Custom_FSL1_RN50,APE_Custom_FSL1_RN50,16,F1_MACRO,34.895924677174676,3.3733938590727286,31.52253081810195,44.45217587350833,1.0839243667700937e-15,True
TIMO_Custom_FSL1_RN50,APE_Custom_FSL4_RN50,16,F1_MACRO,34.895924677174676,5.130237822392136,29.76568685478254,35.16822508382828,7.9144374023555e-18,True
TIMO_Custom_FSL1_RN50,APE_RN50,16,F1_MACRO,34.895924677174676,58.358082311207305,-23.46215763403263,-20.518358302020864,9.017003636991614e-13,True
TIMO_Custom_FSL1_RN50,GDA_CLIP_Custom_FSL1_RN50,16,F1_MACRO,34.895924677174676,39.13487380674881,-4.238949129574131,-4.82483126635081,0.000136711187413006,True
TIMO_Custom_FSL1_RN50,GDA_CLIP_Custom_FSL4_RN50,16,F1_MACRO,34.895924677174676,51.63714294964294,-16.741218272468267,-17.121387312904837,2.0741452058406634e-12,True
TIMO_Custom_FSL1_RN50,GDA_CLIP_RN50,16,F1_MACRO,34.895924677174676,71.62958627021128,-36.7336615930366,-48.98480913395962,4.840480431368199e-18,True
TIMO_Custom_FSL4_RN50,TIMO_RN50,16,F1_MACRO,41.360788483031136,72.09026308658663,-30.729474603555495,-17.341953277987848,2.6311044318809366e-09,True
TIMO_Custom_FSL4_RN50,TIMO_S_Custom_FSL1_RN50,16,F1_MACRO,41.360788483031136,37.220082579457575,4.140705903573561,2.4019885083159025,0.03743417274681742,True
TIMO_Custom_FSL4_RN50,TIMO_S_Custom_FSL4_RN50,16,F1_MACRO,41.360788483031136,46.89754285066785,-5.536754367636711,-2.5746938871339973,0.01959553726687697,True
TIMO_Custom_FSL4_RN50,TIMO_S_RN50,16,F1_MACRO,41.360788483031136,72.10209673904527,-30.74130825601413,-17.548371721004035,4.030105014320183e-09,True
TIMO_Custom_FSL4_RN50,Tip_Adapter_Custom_FSL1_RN50,16,F1_MACRO,41.360788483031136,0.7417941859255348,40.6189942971056,23.94651597622935,1.1368167542669237e-09,True
TIMO_Custom_FSL4_RN50,Tip_Adapter_Custom_FSL4_RN50,16,F1_MACRO,41.360788483031136,0.13072206096450426,41.230066422066635,24.49824101596913,1.479268351079088e-09,True
TIMO_Custom_FSL4_RN50,Tip_Adapter_RN50,16,F1_MACRO,41.360788483031136,46.38371578631351,-5.022927303282373,-2.8424798787928753,0.01622762813604101,True
TIMO_Custom_FSL4_RN50,APE_Custom_FSL1_RN50,16,F1_MACRO,41.360788483031136,3.3733938590727286,37.98739462395841,22.197667112635287,1.3747696755833488e-09,True
TIMO_Custom_FSL4_RN50,APE_Custom_FSL4_RN50,16,F1_MACRO,41.360788483031136,5.130237822392136,36.230550660639,20.43919102205066,4.4936095834264006e-10,True
TIMO_Custom_FSL4_RN50,APE_RN50,16,F1_MACRO,41.360788483031136,58.358082311207305,-16.99729382817617,-8.796991628868037,3.979359675720644e-07,True
TIMO_Custom_FSL4_RN50,GDA_CLIP_Custom_FSL1_RN50,16,F1_MACRO,41.360788483031136,39.13487380674881,2.225914676282329,1.2447827074104605,0.23841992083576707,False
TIMO_Custom_FSL4_RN50,GDA_CLIP_Custom_FSL4_RN50,16,F1_MACRO,41.360788483031136,51.63714294964294,-10.276354466611807,-5.588076781941919,0.00010556149148218382,True
TIMO_Custom_FSL4_RN50,GDA_CLIP_RN50,16,F1_MACRO,41.360788483031136,71.62958627021128,-30.26879778718014,-17.5104414322531,7.857004125338256e-09,True
TIMO_RN50,TIMO_S_Custom_FSL1_RN50,16,F1_MACRO,72.09026308658663,37.220082579457575,34.87018050712906,51.96397743060542,4.377277573737261e-19,True
TIMO_RN50,TIMO_S_Custom_FSL4_RN50,16,F1_MACRO,72.09026308658663,46.89754285066785,25.192720235918785,17.37210010753676,7.060269561069108e-10,True
TIMO_RN50,TIMO_S_RN50,16,F1_MACRO,72.09026308658663,72.10209673904527,-0.011833652458633992,-0.01599426004521748,0.9874178645109422,False
TIMO_RN50,Tip_Adapter_Custom_FSL1_RN50,16,F1_MACRO,72.09026308658663,0.7417941859255348,71.3484689006611,119.61184915694194,2.3000832166584324e-19,True
TIMO_RN50,Tip_Adapter_Custom_FSL4_RN50,16,F1_MACRO,72.09026308658663,0.13072206096450426,71.95954102562213,129.03263905286383,3.6402921367446155e-16,True
TIMO_RN50,Tip_Adapter_RN50,16,F1_MACRO,72.09026308658663,46.38371578631351,25.706547300273122,33.153672045771195,1.400056440096007e-17,True
TIMO_RN50,APE_Custom_FSL1_RN50,16,F1_MACRO,72.09026308658663,3.3733938590727286,68.7168692275139,107.6837733121345,4.580208525181685e-22,True
TIMO_RN50,APE_Custom_FSL4_RN50,16,F1_MACRO,72.09026308658663,5.130237822392136,66.9600252641945,84.99092987192715,6.730300325080572e-25,True
TIMO_RN50,APE_RN50,16,F1_MACRO,72.09026308658663,58.358082311207305,13.732180775379327,12.474145349278617,3.726624078942425e-09,True
TIMO_RN50,GDA_CLIP_Custom_FSL1_RN50,16,F1_MACRO,72.09026308658663,39.13487380674881,32.955389279837824,40.07549507872424,5.9371926968161785e-19,True
TIMO_RN50,GDA_CLIP_Custom_FSL4_RN50,16,F1_MACRO,72.09026308658663,51.63714294964294,20.45312013694369,22.049639554412675,8.981343888023443e-14,True
TIMO_RN50,GDA_CLIP_RN50,16,F1_MACRO,72.09026308658663,71.62958627021128,0.4606768163753543,0.6743410357843946,0.5095586129903664,False
TIMO_S_Custom_FSL1_RN50,TIMO_S_Custom_FSL4_RN50,16,F1_MACRO,37.220082579457575,46.89754285066785,-9.677460271210272,-6.957243554224256,3.1931871989246946e-05,True
TIMO_S_Custom_FSL1_RN50,TIMO_S_RN50,16,F1_MACRO,37.220082579457575,72.10209673904527,-34.88201415958769,-56.64348415391543,1.0418153404651887e-20,True
TIMO_S_Custom_FSL1_RN50,Tip_Adapter_Custom_FSL1_RN50,16,F1_MACRO,37.220082579457575,0.7417941859255348,36.47828839353204,84.21223881206657,9.35982860538937e-21,True
TIMO_S_Custom_FSL1_RN50,Tip_Adapter_Custom_FSL4_RN50,16,F1_MACRO,37.220082579457575,0.13072206096450426,37.08936051849307,98.13611825900462,3.02361904720543e-15,True
TIMO_S_Custom_FSL1_RN50,Tip_Adapter_RN50,16,F1_MACRO,37.220082579457575,46.38371578631351,-9.163633206855934,-13.925400546006854,2.218894301049236e-10,True
TIMO_S_Custom_FSL1_RN50,APE_Custom_FSL1_RN50,16,F1_MACRO,37.220082579457575,3.3733938590727286,33.84668872038485,69.22756592547735,1.000371196942512e-22,True
TIMO_S_Custom_FSL1_RN50,APE_Custom_FSL4_RN50,16,F1_MACRO,37.220082579457575,5.130237822392136,32.089844757065435,47.70275874751899,1.789838667103619e-18,True
TIMO_S_Custom_FSL1_RN50,APE_RN50,16,F1_MACRO,37.220082579457575,58.358082311207305,-21.13799973174973,-20.690754807376642,1.3246955627186354e-10,True
TIMO_S_Custom_FSL1_RN50,GDA_CLIP_Custom_FSL1_RN50,16,F1_MACRO,37.220082579457575,39.13487380674881,-1.9147912272912322,-2.6863694009836037,0.016893610857875642,True
TIMO_S_Custom_FSL1_RN50,GDA_CLIP_Custom_FSL4_RN50,16,F1_MACRO,37.220082579457575,51.63714294964294,-14.417060370185368,-17.327797805221653,1.5907601932661823e-10,True
TIMO_S_Custom_FSL1_RN50,GDA_CLIP_RN50,16,F1_MACRO,37.220082579457575,71.62958627021128,-34.4095036907537,-62.978393411244234,1.6439034251919472e-22,True
TIMO_S_Custom_FSL4_RN50,TIMO_S_RN50,16,F1_MACRO,46.89754285066785,72.10209673904527,-25.20455388837742,-17.681600318031975,1.2944830523498768e-09,True
TIMO_S_Custom_FSL4_RN50,Tip_Adapter_Custom_FSL1_RN50,16,F1_MACRO,46.89754285066785,0.7417941859255348,46.15574866474231,34.02309192228651,3.211226468656302e-11,True
TIMO_S_Custom_FSL4_RN50,Tip_Adapter_Custom_FSL4_RN50,16,F1_MACRO,46.89754285066785,0.13072206096450426,46.766820789703345,34.900948783686616,6.204352460808654e-11,True
TIMO_S_Custom_FSL4_RN50,Tip_Adapter_RN50,16,F1_MACRO,46.89754285066785,46.38371578631351,0.5138270643543379,0.3557826561422316,0.7282542916844073,False
TIMO_S_Custom_FSL4_RN50,APE_Custom_FSL1_RN50,16,F1_MACRO,46.89754285066785,3.3733938590727286,43.52414899159512,31.644342849910622,2.4227899286806426e-11,True
TIMO_S_Custom_FSL4_RN50,APE_Custom_FSL4_RN50,16,F1_MACRO,46.89754285066785,5.130237822392136,41.767305028275715,28.786155294534,1.814478439614439e-12,True
TIMO_S_Custom_FSL4_RN50,APE_RN50,16,F1_MACRO,46.89754285066785,58.358082311207305,-11.460539460539458,-6.979281762405658,2.8737407476444284e-06,True
TIMO_S_Custom_FSL4_RN50,GDA_CLIP_Custom_FSL1_RN50,16,F1_MACRO,46.89754285066785,39.13487380674881,7.76266904391904,5.280868855644221,0.0001679637714296777,True
TIMO_S_Custom_FSL4_RN50,GDA_CLIP_Custom_FSL4_RN50,16,F1_MACRO,46.89754285066785,51.63714294964294,-4.739600098975096,-3.0950789608996847,0.007879116212648713,True
TIMO_S_Custom_FSL4_RN50,GDA_CLIP_RN50,16,F1_MACRO,46.89754285066785,71.62958627021128,-24.73204341954343,-17.705317157309583,3.3922766820518553e-09,True
TIMO_S_RN50,Tip_Adapter_Custom_FSL1_RN50,16,F1_MACRO,72.10209673904527,0.7417941859255348,71.36030255311974,133.73088146350497,5.917151283863183e-21,True
TIMO_S_RN50,Tip_Adapter_Custom_FSL4_RN50,16,F1_MACRO,72.10209673904527,0.13072206096450426,71.97137467808076,146.9290031053423,1.0043398083746339e-16,True
TIMO_S_RN50,Tip_Adapter_RN50,16,F1_MACRO,72.10209673904527,46.38371578631351,25.718380952731756,35.322382244585874,6.0277601432384295e-18,True
TIMO_S_RN50,APE_Custom_FSL1_RN50,16,F1_MACRO,72.10209673904527,3.3733938590727286,68.72870287997253,118.54252757240072,3.8845700239966264e-24,True
TIMO_S_RN50,APE_Custom_FSL4_RN50,16,F1_MACRO,72.10209673904527,5.130237822392136,66.97185891665313,90.33482684988745,5.084451045174277e-25,True
TIMO_S_RN50,APE_RN50,16,F1_MACRO,72.10209673904527,58.358082311207305,13.74401442783796,12.867920075707213,6.1310589098588855e-09,True
TIMO_S_RN50,GDA_CLIP_Custom_FSL1_RN50,16,F1_MACRO,72.10209673904527,39.13487380674881,32.96722293229646,42.378672683656035,7.359405155824082e-19,True
TIMO_S_RN50,GDA_CLIP_Custom_FSL4_RN50,16,F1_MACRO,72.10209673904527,51.63714294964294,20.464953789402323,23.034205490669734,1.9301633792886684e-13,True
TIMO_S_RN50,GDA_CLIP_RN50,16,F1_MACRO,72.10209673904527,71.62958627021128,0.4725104688339883,0.7512250356825534,0.46262576243064335,False
Tip_Adapter_Custom_FSL1_RN50,Tip_Adapter_Custom_FSL4_RN50,16,F1_MACRO,0.7417941859255348,0.13072206096450426,0.6110721249610306,2.7791054778467825,0.020045982351679363,True
Tip_Adapter_Custom_FSL1_RN50,Tip_Adapter_RN50,16,F1_MACRO,0.7417941859255348,46.38371578631351,-45.641921600387974,-78.44356074734546,2.0918581267812167e-17,True
Tip_Adapter_Custom_FSL1_RN50,APE_Custom_FSL1_RN50,16,F1_MACRO,0.7417941859255348,3.3733938590727286,-2.6315996731471936,-6.921607264471108,3.463162785523928e-06,True
Tip_Adapter_Custom_FSL1_RN50,APE_Custom_FSL4_RN50,16,F1_MACRO,0.7417941859255348,5.130237822392136,-4.388443636466601,-7.334050335442342,1.0793223347095841e-05,True
Tip_Adapter_Custom_FSL1_RN50,APE_RN50,16,F1_MACRO,0.7417941859255348,58.358082311207305,-57.61628812528177,-59.137685054788555,5.5742881646003455e-14,True
Tip_Adapter_Custom_FSL1_RN50,GDA_CLIP_Custom_FSL1_RN50,16,F1_MACRO,0.7417941859255348,39.13487380674881,-38.39307962082327,-59.70083119695322,1.970379388642719e-15,True
Tip_Adapter_Custom_FSL1_RN50,GDA_CLIP_Custom_FSL4_RN50,16,F1_MACRO,0.7417941859255348,51.63714294964294,-50.89534876371741,-65.82825178133618,4.291180545329342e-15,True
Tip_Adapter_Custom_FSL1_RN50,GDA_CLIP_RN50,16,F1_MACRO,0.7417941859255348,71.62958627021128,-70.88779208428575,-156.9364085600551,5.6279543208211894e-24,True
Tip_Adapter_Custom_FSL4_RN50,Tip_Adapter_RN50,16,F1_MACRO,0.13072206096450426,46.38371578631351,-46.25299372534901,-85.34073396177479,1.536810754201666e-14,True
Tip_Adapter_Custom_FSL4_RN50,APE_Custom_FSL1_RN50,16,F1_MACRO,0.13072206096450426,3.3733938590727286,-3.2426717981082245,-10.266935744059332,2.1773900017117704e-06,True
Tip_Adapter_Custom_FSL4_RN50,APE_Custom_FSL4_RN50,16,F1_MACRO,0.13072206096450426,5.130237822392136,-4.999515761427632,-8.93281409044476,8.414547598440316e-06,True
Tip_Adapter_Custom_FSL4_RN50,APE_RN50,16,F1_MACRO,0.13072206096450426,58.358082311207305,-58.2273602502428,-61.22723012502422,3.8074402247273866e-13,True
Tip_Adapter_Custom_FSL4_RN50,GDA_CLIP_Custom_FSL1_RN50,16,F1_MACRO,0.13072206096450426,39.13487380674881,-39.004151745784306,-64.22959457106204,2.160476780932831e-13,True
Tip_Adapter_Custom_FSL4_RN50,GDA_CLIP_Custom_FSL4_RN50,16,F1_MACRO,0.13072206096450426,51.63714294964294,-51.50642088867844,-69.26469833401563,1.1781883893890964e-13,True
Tip_Adapter_Custom_FSL4_RN50,GDA_CLIP_RN50,16,F1_MACRO,0.13072206096450426,71.62958627021128,-71.49886420924678,-179.17840492398796,1.2782050923012146e-17,True
Tip_Adapter_RN50,APE_Custom_FSL1_RN50,16,F1_MACRO,46.38371578631351,3.3733938590727286,43.01032192724078,68.87626543935366,1.4048152139642795e-19,True
Tip_Adapter_RN50,APE_Custom_FSL4_RN50,16,F1_MACRO,46.38371578631351,5.130237822392136,41.25347796392137,53.1061481866908,3.208472624273541e-21,True
Tip_Adapter_RN50,APE_RN50,16,F1_MACRO,46.38371578631351,58.358082311207305,-11.974366524893796,-10.955710236103611,2.4614091397214543e-08,True
Tip_Adapter_RN50,GDA_CLIP_Custom_FSL1_RN50,16,F1_MACRO,46.38371578631351,39.13487380674881,7.248841979564702,8.929737098722299,5.504632494913707e-08,True
Tip_Adapter_RN50,GDA_CLIP_Custom_FSL4_RN50,16,F1_MACRO,46.38371578631351,51.63714294964294,-5.253427163329434,-5.721202732700461,2.8365553817633036e-05,True
Tip_Adapter_RN50,GDA_CLIP_RN50,16,F1_MACRO,46.38371578631351,71.62958627021128,-25.245870483897768,-37.658359823860465,1.8814116054473105e-17,True
APE_Custom_FSL1_RN50,APE_Custom_FSL4_RN50,16,F1_MACRO,3.3733938590727286,5.130237822392136,-1.7568439633194073,-2.74558338182028,0.015657144241754725,True
APE_Custom_FSL1_RN50,APE_RN50,16,F1_MACRO,3.3733938590727286,58.358082311207305,-54.98468845213458,-54.96781147860314,1.0479699587361423e-14,True
APE_Custom_FSL1_RN50,GDA_CLIP_Custom_FSL1_RN50,16,F1_MACRO,3.3733938590727286,39.13487380674881,-35.76147994767608,-52.444795840118964,5.528245135675435e-17,True
APE_Custom_FSL1_RN50,GDA_CLIP_Custom_FSL4_RN50,16,F1_MACRO,3.3733938590727286,51.63714294964294,-48.263749090570215,-59.90200194663922,2.429302322843343e-16,True
APE_Custom_FSL1_RN50,GDA_CLIP_RN50,16,F1_MACRO,3.3733938590727286,71.62958627021128,-68.25619241113854,-135.05207403688198,2.6306833778873984e-27,True
APE_Custom_FSL4_RN50,APE_RN50,16,F1_MACRO,5.130237822392136,58.358082311207305,-53.227844488815165,-48.30711548442419,1.7856711406507778e-17,True
APE_Custom_FSL4_RN50,GDA_CLIP_Custom_FSL1_RN50,16,F1_MACRO,5.130237822392136,39.13487380674881,-34.00463598435667,-41.28344596434545,3.4443264902612024e-19,True
APE_Custom_FSL4_RN50,GDA_CLIP_Custom_FSL4_RN50,16,F1_MACRO,5.130237822392136,51.63714294964294,-46.5069051272508,-50.07229729017204,1.1999524585485776e-19,True
APE_Custom_FSL4_RN50,GDA_CLIP_RN50,16,F1_MACRO,5.130237822392136,71.62958627021128,-66.49934844781914,-97.11043274417513,6.796073905479024e-24,True
APE_RN50,GDA_CLIP_Custom_FSL1_RN50,16,F1_MACRO,58.358082311207305,39.13487380674881,19.223208504458498,17.06033852949128,2.315367604491307e-11,True
APE_RN50,GDA_CLIP_Custom_FSL4_RN50,16,F1_MACRO,58.358082311207305,51.63714294964294,6.720939361564362,5.5740832475641415,3.354161989441041e-05,True
APE_RN50,GDA_CLIP_RN50,16,F1_MACRO,58.358082311207305,71.62958627021128,-13.271503959003972,-12.889862991299447,2.0786948354084782e-08,True
GDA_CLIP_Custom_FSL1_RN50,GDA_CLIP_Custom_FSL4_RN50,16,F1_MACRO,39.13487380674881,51.63714294964294,-12.502269142894136,-13.047391376937075,2.1935842740693658e-10,True
GDA_CLIP_Custom_FSL1_RN50,GDA_CLIP_RN50,16,F1_MACRO,39.13487380674881,71.62958627021128,-32.49471246346247,-44.870496717810724,7.51770371448437e-18,True
GDA_CLIP_Custom_FSL4_RN50,GDA_CLIP_RN50,16,F1_MACRO,51.63714294964294,71.62958627021128,-19.992443320568334,-23.749260623164854,1.4645656098025533e-12,True
